drop sequence if exists hibernate_sequence;
create sequence hibernate_sequence start with 200 increment by 1;

insert into sponsor (id, nombre) values (1, 'Avamba');
insert into sponsor (id, nombre) values (2, 'Jaxnation');
insert into sponsor (id, nombre) values (3, 'Riffpath');
insert into sponsor (id, nombre) values (4, 'Kazu');
insert into sponsor (id, nombre) values (5, 'Eayo');
insert into sponsor (id, nombre) values (6, 'Pixope');
insert into sponsor (id, nombre) values (7, 'Quimba');
insert into sponsor (id, nombre) values (8, 'Avamba');
insert into sponsor (id, nombre) values (9, 'Lazz');
insert into sponsor (id, nombre) values (10, 'Wikibox');
insert into sponsor (id, nombre) values (11, 'Kazu');

insert into piloto (id, nombre, apellidos, genero, nacimiento, sponsor_id) values (1, 'Noemi', 'Letchmore', 'Female', '30/06/1983', 1);
insert into piloto (id, nombre, apellidos, genero, nacimiento, sponsor_id) values (2, 'Elmira', 'Poone', 'Female', '16/03/1921', 9);
insert into piloto (id, nombre, apellidos, genero, nacimiento, sponsor_id) values (3, 'Trefor', 'Clohessy', 'Male', '23/04/1977', 3);
insert into piloto (id, nombre, apellidos, genero, nacimiento, sponsor_id) values (4, 'Wye', 'Bexon', 'Male', '20/05/1944', 8);
insert into piloto (id, nombre, apellidos, genero, nacimiento, sponsor_id) values (5, 'Clerc', 'Gregoire', 'Male', '31/07/1998', 11);
insert into piloto (id, nombre, apellidos, genero, nacimiento, sponsor_id) values (6, 'Eveleen', 'Ayer', 'Female', '14/11/2000', 1);
insert into piloto (id, nombre, apellidos, genero, nacimiento, sponsor_id) values (7, 'Jewelle', 'Reck', 'Female', '15/08/1980', 10);
insert into piloto (id, nombre, apellidos, genero, nacimiento, sponsor_id) values (8, 'Derk', 'Bonwell', 'Male', '21/02/1953', 4);
insert into piloto (id, nombre, apellidos, genero, nacimiento, sponsor_id) values (9, 'Fionnula', 'Riccardelli', 'Female', '11/12/1949', 9);
insert into piloto (id, nombre, apellidos, genero, nacimiento, sponsor_id) values (10, 'Fonz', 'St. Louis', 'Male', '11/08/1943', 3);
insert into piloto (id, nombre, apellidos, genero, nacimiento, sponsor_id) values (11, 'Auberta', 'Gonneau', 'Female', '31/01/1985', 3);
insert into piloto (id, nombre, apellidos, genero, nacimiento, sponsor_id) values (12, 'Candie', 'Mandrier', 'Female', '07/12/1977', 1);
insert into piloto (id, nombre, apellidos, genero, nacimiento, sponsor_id) values (13, 'Wood', 'Suero', 'Male', '30/05/1953', 8);
insert into piloto (id, nombre, apellidos, genero, nacimiento, sponsor_id) values (14, 'Aimil', 'Gadeaux', 'Female', '11/12/1924', 8);
insert into piloto (id, nombre, apellidos, genero, nacimiento, sponsor_id) values (15, 'Laurens', 'Huggin', 'Male', '04/10/1956', 7);
insert into piloto (id, nombre, apellidos, genero, nacimiento, sponsor_id) values (16, 'Veronique', 'Munehay', 'Female', '03/04/1955', 7);
insert into piloto (id, nombre, apellidos, genero, nacimiento, sponsor_id) values (17, 'Dacey', 'Takis', 'Female', '01/07/1954', 1);
insert into piloto (id, nombre, apellidos, genero, nacimiento, sponsor_id) values (18, 'Millard', 'Warbys', 'Male', '25/02/1928', 2);
insert into piloto (id, nombre, apellidos, genero, nacimiento, sponsor_id) values (19, 'Delmar', 'Lippitt', 'Male', '03/03/1945', 7);
insert into piloto (id, nombre, apellidos, genero, nacimiento, sponsor_id) values (20, 'Ham', 'Walisiak', 'Male', '24/11/1923', 1);
insert into piloto (id, nombre, apellidos, genero, nacimiento, sponsor_id) values (21, 'Debee', 'Levy', 'Female', '12/09/1940', 3);
insert into piloto (id, nombre, apellidos, genero, nacimiento, sponsor_id) values (22, 'Elfreda', 'Orpwood', 'Female', '27/03/1987', 10);
insert into piloto (id, nombre, apellidos, genero, nacimiento, sponsor_id) values (23, 'Daveta', 'Vane', 'Female', '02/03/1926', 1);
insert into piloto (id, nombre, apellidos, genero, nacimiento, sponsor_id) values (24, 'Merrill', 'Sinfield', 'Male', '28/08/1999', 10);
insert into piloto (id, nombre, apellidos, genero, nacimiento, sponsor_id) values (25, 'Theresita', 'Rebichon', 'Female', '16/09/1927', 5);
insert into piloto (id, nombre, apellidos, genero, nacimiento, sponsor_id) values (26, 'Grier', 'Lothean', 'Female', '16/11/1989', 4);
insert into piloto (id, nombre, apellidos, genero, nacimiento, sponsor_id) values (27, 'Oswell', 'Pennetta', 'Male', '05/01/1934', 3);
insert into piloto (id, nombre, apellidos, genero, nacimiento, sponsor_id) values (28, 'Yanaton', 'Barbary', 'Male', '22/12/1996', 1);
insert into piloto (id, nombre, apellidos, genero, nacimiento, sponsor_id) values (29, 'Karon', 'Baugh', 'Female', '26/06/1949', 11);
insert into piloto (id, nombre, apellidos, genero, nacimiento, sponsor_id) values (30, 'Patrica', 'Lecordier', 'Female', '27/08/1994', 8);
insert into piloto (id, nombre, apellidos, genero, nacimiento, sponsor_id) values (31, 'Hebert', 'Jakobssen', 'Male', '30/07/1971', 4);
insert into piloto (id, nombre, apellidos, genero, nacimiento, sponsor_id) values (32, 'Lucio', 'Playfoot', 'Male', '04/12/1983', 4);
insert into piloto (id, nombre, apellidos, genero, nacimiento, sponsor_id) values (33, 'Sandro', 'Kelshaw', 'Male', '06/04/1988', 5);
insert into piloto (id, nombre, apellidos, genero, nacimiento, sponsor_id) values (34, 'Edeline', 'Perri', 'Female', '06/05/1968', 1);
insert into piloto (id, nombre, apellidos, genero, nacimiento, sponsor_id) values (35, 'Chico', 'McGerraghty', 'Male', '24/10/1935', 6);
insert into piloto (id, nombre, apellidos, genero, nacimiento, sponsor_id) values (36, 'Kellyann', 'Stot', 'Female', '08/05/1960', 11);
insert into piloto (id, nombre, apellidos, genero, nacimiento, sponsor_id) values (37, 'Cece', 'Dougary', 'Male', '29/12/1939', 11);
insert into piloto (id, nombre, apellidos, genero, nacimiento, sponsor_id) values (38, 'Bobbie', 'Parcall', 'Male', '02/08/1924', 8);
insert into piloto (id, nombre, apellidos, genero, nacimiento, sponsor_id) values (39, 'Upton', 'Lethbridge', 'Male', '30/04/1923', 4);
insert into piloto (id, nombre, apellidos, genero, nacimiento, sponsor_id) values (40, 'Astra', 'Tibbs', 'Female', '14/12/1978', 2);
insert into piloto (id, nombre, apellidos, genero, nacimiento, sponsor_id) values (41, 'Raimundo', 'Rillett', 'Male', '30/04/1994', 2);
insert into piloto (id, nombre, apellidos, genero, nacimiento, sponsor_id) values (42, 'Sayre', 'McGaughie', 'Female', '21/09/1987', 6);
insert into piloto (id, nombre, apellidos, genero, nacimiento, sponsor_id) values (43, 'Joline', 'Gerrard', 'Female', '08/07/1953', 8);
insert into piloto (id, nombre, apellidos, genero, nacimiento, sponsor_id) values (44, 'Sabra', 'Bretherton', 'Female', '01/09/1933', 3);
insert into piloto (id, nombre, apellidos, genero, nacimiento, sponsor_id) values (45, 'Percy', 'Wishart', 'Male', '23/05/1983', 4);

insert into coche (id, marca, modelo, valor, piloto_id) values (1, 'Lotus', 'Exige', 46841.91, 45);
insert into coche (id, marca, modelo, valor, piloto_id) values (2, 'Ford', 'F-Series', 87112.7, 31);
insert into coche (id, marca, modelo, valor, piloto_id) values (3, 'Hyundai', 'Accent', 70471.23, 27);
insert into coche (id, marca, modelo, valor, piloto_id) values (4, 'Mercedes-Benz', 'CLS-Class', 63730.77, 22);
insert into coche (id, marca, modelo, valor, piloto_id) values (5, 'BMW', 'X3', 82653.2, 20);
insert into coche (id, marca, modelo, valor, piloto_id) values (6, 'Infiniti', 'G', 82703.78, 13);
insert into coche (id, marca, modelo, valor, piloto_id) values (7, 'Pontiac', 'Bonneville', 41837.1, 36);
insert into coche (id, marca, modelo, valor, piloto_id) values (8, 'Isuzu', 'Space', 33252.31, 13);
insert into coche (id, marca, modelo, valor, piloto_id) values (9, 'Mazda', '626', 50828.44, 24);
insert into coche (id, marca, modelo, valor, piloto_id) values (10, 'Audi', 'A4', 57868.43, 23);
insert into coche (id, marca, modelo, valor, piloto_id) values (11, 'Acura', 'Integra', 57433.12, 18);
insert into coche (id, marca, modelo, valor, piloto_id) values (12, 'Mercedes-Benz', 'SL-Class', 37615.28, 4);
insert into coche (id, marca, modelo, valor, piloto_id) values (13, 'Toyota', 'Prius', 93848.52, 2);
insert into coche (id, marca, modelo, valor, piloto_id) values (14, 'Aston Martin', 'DB9', 84528.27, 22);
insert into coche (id, marca, modelo, valor, piloto_id) values (15, 'GMC', 'Savana 1500', 93749.28, 32);
insert into coche (id, marca, modelo, valor, piloto_id) values (16, 'Pontiac', 'Trans Sport', 78784.77, 22);
insert into coche (id, marca, modelo, valor, piloto_id) values (17, 'Toyota', 'Tacoma', 90750.41, 26);
insert into coche (id, marca, modelo, valor, piloto_id) values (18, 'Ford', 'Mustang', 37048.07, 39);
insert into coche (id, marca, modelo, valor, piloto_id) values (19, 'BMW', '6 Series', 29365.63, 8);
insert into coche (id, marca, modelo, valor, piloto_id) values (20, 'Chevrolet', 'S10', 97121.04, 19);
insert into coche (id, marca, modelo, valor, piloto_id) values (21, 'Chevrolet', 'Cruze', 63933.19, 10);
insert into coche (id, marca, modelo, valor, piloto_id) values (22, 'GMC', 'Safari', 76605.67, 45);
insert into coche (id, marca, modelo, valor, piloto_id) values (23, 'Acura', 'RL', 74392.29, 21);
insert into coche (id, marca, modelo, valor, piloto_id) values (24, 'Land Rover', 'Discovery Series II', 41476.83, 6);
insert into coche (id, marca, modelo, valor, piloto_id) values (25, 'Chrysler', 'Aspen', 55134.6, 45);
insert into coche (id, marca, modelo, valor, piloto_id) values (26, 'Toyota', 'Land Cruiser', 58377.01, 28);
insert into coche (id, marca, modelo, valor, piloto_id) values (27, 'Chevrolet', 'Tracker', 91981.24, 13);
insert into coche (id, marca, modelo, valor, piloto_id) values (28, 'Infiniti', 'EX', 25635.19, 14);
insert into coche (id, marca, modelo, valor, piloto_id) values (29, 'Aston Martin', 'V8 Vantage', 51619.92, 26);
insert into coche (id, marca, modelo, valor, piloto_id) values (30, 'Saturn', 'VUE', 59039.67, 10);
insert into coche (id, marca, modelo, valor, piloto_id) values (31, 'Aston Martin', 'DBS', 28756.9, 20);
insert into coche (id, marca, modelo, valor, piloto_id) values (32, 'Land Rover', 'Freelander', 49961.41, 17);
insert into coche (id, marca, modelo, valor, piloto_id) values (33, 'Mazda', 'B-Series Plus', 83943.24, 11);
insert into coche (id, marca, modelo, valor, piloto_id) values (34, 'Honda', 'Odyssey', 34774.22, 45);
insert into coche (id, marca, modelo, valor, piloto_id) values (35, 'Ford', 'Taurus', 92903.18, 30);
insert into coche (id, marca, modelo, valor, piloto_id) values (36, 'Toyota', 'TundraMax', 48401.4, 35);
insert into coche (id, marca, modelo, valor, piloto_id) values (37, 'Infiniti', 'M', 35655.12, 34);
insert into coche (id, marca, modelo, valor, piloto_id) values (38, 'Dodge', 'Dakota', 68561.62, 7);
insert into coche (id, marca, modelo, valor, piloto_id) values (39, 'Cadillac', 'Escalade EXT', 76289.0, 38);
insert into coche (id, marca, modelo, valor, piloto_id) values (40, 'Chrysler', 'Crossfire', 33123.16, 25);
insert into coche (id, marca, modelo, valor, piloto_id) values (41, 'Pontiac', 'Firefly', 74577.12, 43);
insert into coche (id, marca, modelo, valor, piloto_id) values (42, 'Hyundai', 'Veracruz', 37688.99, 23);
insert into coche (id, marca, modelo, valor, piloto_id) values (43, 'Ford', 'Transit Connect', 78423.59, 21);
insert into coche (id, marca, modelo, valor, piloto_id) values (44, 'Mazda', 'Mazdaspeed 3', 54939.3, 12);
insert into coche (id, marca, modelo, valor, piloto_id) values (45, 'Ford', 'Tempo', 70452.45, 20);
insert into coche (id, marca, modelo, valor, piloto_id) values (46, 'Volvo', 'S70', 30117.34, 36);
insert into coche (id, marca, modelo, valor, piloto_id) values (47, 'Ford', 'Club Wagon', 90904.7, 9);
insert into coche (id, marca, modelo, valor, piloto_id) values (48, 'Chevrolet', 'Blazer', 54886.71, 43);
insert into coche (id, marca, modelo, valor, piloto_id) values (49, 'Infiniti', 'QX', 98063.5, 9);
insert into coche (id, marca, modelo, valor, piloto_id) values (50, 'Audi', 'A4', 78181.4, 31);
insert into coche (id, marca, modelo, valor, piloto_id) values (51, 'Hyundai', 'Tucson', 35259.42, 8);
insert into coche (id, marca, modelo, valor, piloto_id) values (52, 'Audi', 'S4', 78967.21, 30);
insert into coche (id, marca, modelo, valor, piloto_id) values (53, 'Volkswagen', 'Touareg', 72871.34, 4);
insert into coche (id, marca, modelo, valor, piloto_id) values (54, 'Toyota', 'Matrix', 65835.08, 26);
insert into coche (id, marca, modelo, valor, piloto_id) values (55, 'Ford', 'Explorer', 70414.36, 1);
insert into coche (id, marca, modelo, valor, piloto_id) values (56, 'Oldsmobile', 'LSS', 29568.83, 1);
insert into coche (id, marca, modelo, valor, piloto_id) values (57, 'Audi', 'S4', 53865.56, 1);
insert into coche (id, marca, modelo, valor, piloto_id) values (58, 'Eagle', 'Summit', 93578.41, 16);
insert into coche (id, marca, modelo, valor, piloto_id) values (59, 'Bentley', 'Arnage', 64516.96, 23);
insert into coche (id, marca, modelo, valor, piloto_id) values (60, 'Chrysler', 'PT Cruiser', 48478.35, 36);
insert into coche (id, marca, modelo, valor, piloto_id) values (61, 'Acura', 'NSX', 63322.16, 18);
insert into coche (id, marca, modelo, valor, piloto_id) values (62, 'Audi', '100', 80772.61, 2);
insert into coche (id, marca, modelo, valor, piloto_id) values (63, 'Mitsubishi', 'Truck', 39976.39, 1);
insert into coche (id, marca, modelo, valor, piloto_id) values (64, 'Toyota', '4Runner', 30043.55, 38);
insert into coche (id, marca, modelo, valor, piloto_id) values (65, 'Toyota', 'Tercel', 91686.58, 38);
insert into coche (id, marca, modelo, valor, piloto_id) values (66, 'Dodge', 'Ram 1500', 31823.61, 5);
insert into coche (id, marca, modelo, valor, piloto_id) values (67, 'Mazda', 'Familia', 59790.1, 41);
insert into coche (id, marca, modelo, valor, piloto_id) values (68, 'Volkswagen', 'Routan', 76419.85, 28);
insert into coche (id, marca, modelo, valor, piloto_id) values (69, 'Ford', 'LTD Crown Victoria', 25620.59, 29);
insert into coche (id, marca, modelo, valor, piloto_id) values (70, 'Land Rover', 'Defender 90', 86845.22, 18);
insert into coche (id, marca, modelo, valor, piloto_id) values (71, 'Kia', 'Sedona', 48564.4, 18);
insert into coche (id, marca, modelo, valor, piloto_id) values (72, 'Mitsubishi', 'Chariot', 47674.1, 25);
insert into coche (id, marca, modelo, valor, piloto_id) values (73, 'Mazda', 'Miata MX-5', 74209.65, 36);
insert into coche (id, marca, modelo, valor, piloto_id) values (74, 'GMC', 'Yukon XL 2500', 40847.95, 30);
insert into coche (id, marca, modelo, valor, piloto_id) values (75, 'GMC', 'Yukon XL 1500', 49827.18, 40);
insert into coche (id, marca, modelo, valor, piloto_id) values (76, 'Mazda', 'MX-5', 88878.39, 1);
insert into coche (id, marca, modelo, valor, piloto_id) values (77, 'Nissan', 'Xterra', 28778.08, 13);
insert into coche (id, marca, modelo, valor, piloto_id) values (78, 'Chevrolet', 'Suburban 2500', 42465.95, 42);
insert into coche (id, marca, modelo, valor, piloto_id) values (79, 'Chevrolet', 'Corvette', 62268.03, 36);
insert into coche (id, marca, modelo, valor, piloto_id) values (80, 'Mercedes-Benz', 'G-Class', 28523.34, 16);
insert into coche (id, marca, modelo, valor, piloto_id) values (81, 'Chrysler', 'New Yorker', 36037.1, 3);
insert into coche (id, marca, modelo, valor, piloto_id) values (82, 'Plymouth', 'Breeze', 78344.94, 17);
insert into coche (id, marca, modelo, valor, piloto_id) values (83, 'Subaru', 'XT', 70533.25, 11);
insert into coche (id, marca, modelo, valor, piloto_id) values (84, 'Mazda', 'B-Series', 97723.16, 24);
insert into coche (id, marca, modelo, valor, piloto_id) values (85, 'Mercedes-Benz', 'CLK-Class', 48972.53, 7);
insert into coche (id, marca, modelo, valor, piloto_id) values (86, 'Mercedes-Benz', 'SLK-Class', 30710.02, 32);
insert into coche (id, marca, modelo, valor, piloto_id) values (87, 'Dodge', 'Ram 2500', 86442.51, 10);
insert into coche (id, marca, modelo, valor, piloto_id) values (88, 'Chevrolet', 'Silverado', 34884.85, 5);
insert into coche (id, marca, modelo, valor, piloto_id) values (89, 'GMC', 'Yukon XL 2500', 60948.46, 31);
insert into coche (id, marca, modelo, valor, piloto_id) values (90, 'Buick', 'Riviera', 52360.48, 1);
insert into coche (id, marca, modelo, valor, piloto_id) values (91, 'Suzuki', 'Esteem', 78163.43, 5);
insert into coche (id, marca, modelo, valor, piloto_id) values (92, 'Oldsmobile', 'Silhouette', 80624.8, 34);
insert into coche (id, marca, modelo, valor, piloto_id) values (93, 'BMW', '7 Series', 66951.97, 9);
insert into coche (id, marca, modelo, valor, piloto_id) values (94, 'Nissan', 'Leaf', 87015.97, 35);
insert into coche (id, marca, modelo, valor, piloto_id) values (95, 'Maybach', '62', 48674.02, 11);
insert into coche (id, marca, modelo, valor, piloto_id) values (96, 'Kia', 'Sportage', 90645.82, 7);
insert into coche (id, marca, modelo, valor, piloto_id) values (97, 'Hummer', 'H1', 46632.35, 31);
insert into coche (id, marca, modelo, valor, piloto_id) values (98, 'Volkswagen', 'rio', 54557.09, 34);
insert into coche (id, marca, modelo, valor, piloto_id) values (99, 'Toyota', 'Corolla', 89759.33, 20);
insert into coche (id, marca, modelo, valor, piloto_id) values (100, 'Acura', 'CL', 91934.74, 6);
insert into coche (id, marca, modelo, valor, piloto_id) values (101, 'Pontiac', 'GTO', 73131.59, 2);
insert into coche (id, marca, modelo, valor, piloto_id) values (102, 'Pontiac', 'Tempest', 86356.53, 7);
insert into coche (id, marca, modelo, valor, piloto_id) values (103, 'Chevrolet', 'Corvette', 26702.56, 24);
insert into coche (id, marca, modelo, valor, piloto_id) values (104, 'Suzuki', 'Grand Vitara', 44035.09, 24);
insert into coche (id, marca, modelo, valor, piloto_id) values (105, 'Lexus', 'LX', 67320.38, 35);
insert into coche (id, marca, modelo, valor, piloto_id) values (106, 'Mercedes-Benz', 'M-Class', 53290.75, 43);
insert into coche (id, marca, modelo, valor, piloto_id) values (107, 'Acura', 'RL', 51928.0, 17);
insert into coche (id, marca, modelo, valor, piloto_id) values (108, 'Honda', 'Insight', 79413.17, 44);
insert into coche (id, marca, modelo, valor, piloto_id) values (109, 'Volvo', 'XC90', 73872.14, 28);
insert into coche (id, marca, modelo, valor, piloto_id) values (110, 'Ford', 'Focus', 95664.12, 18);
insert into coche (id, marca, modelo, valor, piloto_id) values (111, 'Mercury', 'Grand Marquis', 91867.13, 10);
insert into coche (id, marca, modelo, valor, piloto_id) values (112, 'Dodge', 'Durango', 81160.24, 23);
insert into coche (id, marca, modelo, valor, piloto_id) values (113, 'Acura', 'NSX', 30971.76, 26);
insert into coche (id, marca, modelo, valor, piloto_id) values (114, 'GMC', 'EV1', 58982.21, 19);
insert into coche (id, marca, modelo, valor, piloto_id) values (115, 'Ford', 'Escort', 79772.5, 40);
insert into coche (id, marca, modelo, valor, piloto_id) values (116, 'Mazda', 'CX-5', 32202.61, 10);
insert into coche (id, marca, modelo, valor, piloto_id) values (117, 'Kia', 'Carens', 97561.22, 32);
insert into coche (id, marca, modelo, valor, piloto_id) values (118, 'Volkswagen', 'Routan', 99329.46, 15);
insert into coche (id, marca, modelo, valor, piloto_id) values (119, 'Pontiac', 'LeMans', 70205.46, 16);
insert into coche (id, marca, modelo, valor, piloto_id) values (120, 'Ford', 'F-Series', 33989.28, 42);
insert into coche (id, marca, modelo, valor, piloto_id) values (121, 'Mitsubishi', 'Diamante', 25494.75, 24);
insert into coche (id, marca, modelo, valor, piloto_id) values (122, 'Scion', 'tC', 89219.62, 32);
insert into coche (id, marca, modelo, valor, piloto_id) values (123, 'Porsche', '944', 81817.93, 45);
insert into coche (id, marca, modelo, valor, piloto_id) values (124, 'Ford', 'E-Series', 68806.97, 1);
insert into coche (id, marca, modelo, valor, piloto_id) values (125, 'Acura', 'ZDX', 50711.78, 21);
insert into coche (id, marca, modelo, valor, piloto_id) values (126, 'GMC', 'Envoy', 42296.1, 5);
insert into coche (id, marca, modelo, valor, piloto_id) values (127, 'Mercedes-Benz', 'CLK-Class', 31012.1, 19);
insert into coche (id, marca, modelo, valor, piloto_id) values (128, 'Infiniti', 'QX', 34851.35, 3);
insert into coche (id, marca, modelo, valor, piloto_id) values (129, 'GMC', '2500', 90931.74, 32);
insert into coche (id, marca, modelo, valor, piloto_id) values (130, 'Chevrolet', 'Suburban 2500', 56423.95, 23);
insert into coche (id, marca, modelo, valor, piloto_id) values (131, 'Subaru', 'Justy', 42836.27, 1);
insert into coche (id, marca, modelo, valor, piloto_id) values (132, 'Audi', 'S8', 93483.19, 21);
insert into coche (id, marca, modelo, valor, piloto_id) values (133, 'Pontiac', 'Grand Prix', 27890.19, 3);
insert into coche (id, marca, modelo, valor, piloto_id) values (134, 'Lincoln', 'Aviator', 54527.83, 5);
insert into coche (id, marca, modelo, valor, piloto_id) values (135, 'Pontiac', 'Grand Prix', 87463.02, 23);
insert into coche (id, marca, modelo, valor, piloto_id) values (136, 'Toyota', 'FJ Cruiser', 28070.63, 27);
insert into coche (id, marca, modelo, valor, piloto_id) values (137, 'Chevrolet', 'Blazer', 36761.48, 10);
insert into coche (id, marca, modelo, valor, piloto_id) values (138, 'Dodge', 'Ram Wagon B350', 98094.77, 16);
insert into coche (id, marca, modelo, valor, piloto_id) values (139, 'Cadillac', 'DeVille', 74638.73, 25);
insert into coche (id, marca, modelo, valor, piloto_id) values (140, 'Mercedes-Benz', 'C-Class', 52587.52, 45);
insert into coche (id, marca, modelo, valor, piloto_id) values (141, 'Toyota', 'Avalon', 50366.95, 18);
insert into coche (id, marca, modelo, valor, piloto_id) values (142, 'BMW', '5 Series', 74568.42, 16);
insert into coche (id, marca, modelo, valor, piloto_id) values (143, 'Saturn', 'VUE', 36527.06, 29);
insert into coche (id, marca, modelo, valor, piloto_id) values (144, 'Volvo', 'V70', 36581.5, 17);
insert into coche (id, marca, modelo, valor, piloto_id) values (145, 'Mitsubishi', 'Pajero', 55085.45, 4);
insert into coche (id, marca, modelo, valor, piloto_id) values (146, 'Ford', 'Escape', 46798.51, 1);
insert into coche (id, marca, modelo, valor, piloto_id) values (147, 'Toyota', 'Previa', 48963.23, 33);
insert into coche (id, marca, modelo, valor, piloto_id) values (148, 'Dodge', 'Ram Wagon B250', 42272.91, 18);
insert into coche (id, marca, modelo, valor, piloto_id) values (149, 'Pontiac', 'Firebird', 25073.21, 13);
insert into coche (id, marca, modelo, valor, piloto_id) values (150, 'Buick', 'Skyhawk', 33472.93, 35);
insert into coche (id, marca, modelo, valor, piloto_id) values (151, 'Scion', 'tC', 80341.92, 34);
insert into coche (id, marca, modelo, valor, piloto_id) values (152, 'Mitsubishi', 'Eclipse', 94311.75, 42);
insert into coche (id, marca, modelo, valor, piloto_id) values (153, 'Ford', 'Festiva', 91720.84, 23);
insert into coche (id, marca, modelo, valor, piloto_id) values (154, 'Mitsubishi', 'Galant', 97303.9, 12);
insert into coche (id, marca, modelo, valor, piloto_id) values (155, 'Bentley', 'Continental GTC', 96942.44, 31);
insert into coche (id, marca, modelo, valor, piloto_id) values (156, 'Volvo', 'S40', 55846.61, 18);
insert into coche (id, marca, modelo, valor, piloto_id) values (157, 'BMW', 'M', 82108.62, 16);
insert into coche (id, marca, modelo, valor, piloto_id) values (158, 'Buick', 'Coachbuilder', 43328.94, 11);
insert into coche (id, marca, modelo, valor, piloto_id) values (159, 'Mercedes-Benz', 'E-Class', 79692.36, 23);
insert into coche (id, marca, modelo, valor, piloto_id) values (160, 'Ford', 'Edge', 40361.88, 1);
insert into coche (id, marca, modelo, valor, piloto_id) values (161, 'Subaru', 'XT', 49352.31, 44);
insert into coche (id, marca, modelo, valor, piloto_id) values (162, 'Hummer', 'H2', 32834.89, 44);
insert into coche (id, marca, modelo, valor, piloto_id) values (163, 'Mercury', 'Grand Marquis', 35043.78, 23);
insert into coche (id, marca, modelo, valor, piloto_id) values (164, 'GMC', 'Rally Wagon G3500', 38274.65, 7);
insert into coche (id, marca, modelo, valor, piloto_id) values (165, 'Dodge', 'Ram 1500', 83634.0, 26);
insert into coche (id, marca, modelo, valor, piloto_id) values (166, 'GMC', 'Savana 3500', 32161.63, 19);
insert into coche (id, marca, modelo, valor, piloto_id) values (167, 'GMC', 'Savana', 89511.1, 35);
insert into coche (id, marca, modelo, valor, piloto_id) values (168, 'Dodge', 'Nitro', 53498.44, 7);
insert into coche (id, marca, modelo, valor, piloto_id) values (169, 'Cadillac', 'DTS', 79323.82, 21);
insert into coche (id, marca, modelo, valor, piloto_id) values (170, 'Subaru', 'Forester', 28987.79, 4);
insert into coche (id, marca, modelo, valor, piloto_id) values (171, 'Mazda', 'MX-6', 73864.46, 25);
insert into coche (id, marca, modelo, valor, piloto_id) values (172, 'Volkswagen', 'Jetta', 93014.31, 20);
insert into coche (id, marca, modelo, valor, piloto_id) values (173, 'Mitsubishi', '3000GT', 99364.18, 43);
insert into coche (id, marca, modelo, valor, piloto_id) values (174, 'Eagle', 'Talon', 88242.42, 18);
insert into coche (id, marca, modelo, valor, piloto_id) values (175, 'Buick', 'Regal', 39098.8, 16);
insert into coche (id, marca, modelo, valor, piloto_id) values (176, 'Dodge', 'Avenger', 80605.29, 31);
insert into coche (id, marca, modelo, valor, piloto_id) values (177, 'Cadillac', 'SRX', 33988.52, 4);
insert into coche (id, marca, modelo, valor, piloto_id) values (178, 'Chevrolet', 'Tahoe', 63591.23, 10);
insert into coche (id, marca, modelo, valor, piloto_id) values (179, 'Kia', 'Sedona', 49833.97, 14);
insert into coche (id, marca, modelo, valor, piloto_id) values (180, 'Plymouth', 'Prowler', 82016.95, 10);
insert into coche (id, marca, modelo, valor, piloto_id) values (181, 'Mitsubishi', 'Truck', 92195.27, 45);
insert into coche (id, marca, modelo, valor, piloto_id) values (182, 'Bugatti', 'Veyron', 98622.47, 45);
insert into coche (id, marca, modelo, valor, piloto_id) values (183, 'Toyota', 'Previa', 75732.0, 37);
insert into coche (id, marca, modelo, valor, piloto_id) values (184, 'BMW', '650', 33124.66, 19);
insert into coche (id, marca, modelo, valor, piloto_id) values (185, 'Mitsubishi', 'Starion', 37014.99, 16);


insert into residencia (id, pais, ciudad, calle, numero, piloto_id) values (1, 'Indonesia', 'Cipanas', 'Blackbird', 41, 16);
insert into residencia (id, pais, ciudad, calle, numero, piloto_id) values (2, 'Ukraine', 'Velikiye Borki', 'Porter', 142, 43);
insert into residencia (id, pais, ciudad, calle, numero, piloto_id) values (3, 'Ukraine', 'Dykan’ka', 'Eastlawn', 132, 33);
insert into residencia (id, pais, ciudad, calle, numero, piloto_id) values (4, 'Jordan', '‘Ajlūn', 'Forster', 145, 33);
insert into residencia (id, pais, ciudad, calle, numero, piloto_id) values (5, 'Sweden', 'Borlänge', 'Old Gate', 62, 13);
insert into residencia (id, pais, ciudad, calle, numero, piloto_id) values (6, 'Tanzania', 'Namalenga', 'Del Mar', 94, 27);
insert into residencia (id, pais, ciudad, calle, numero, piloto_id) values (7, 'Togo', 'Badou', 'Morrow', 29, 10);
insert into residencia (id, pais, ciudad, calle, numero, piloto_id) values (8, 'Russia', 'Maloyaroslavets', 'Talmadge', 10, 10);
insert into residencia (id, pais, ciudad, calle, numero, piloto_id) values (9, 'Russia', 'Skhodnya', 'Ronald Regan', 131, 5);
insert into residencia (id, pais, ciudad, calle, numero, piloto_id) values (10, 'Botswana', 'Nokaneng', 'Brown', 43, 14);
insert into residencia (id, pais, ciudad, calle, numero, piloto_id) values (11, 'Portugal', 'Olival', 'Lyons', 105, 37);
insert into residencia (id, pais, ciudad, calle, numero, piloto_id) values (12, 'Palestinian Territory', 'Quşrah', 'Loeprich', 93, 31);
insert into residencia (id, pais, ciudad, calle, numero, piloto_id) values (13, 'Tanzania', 'Mtwango', 'Crescent Oaks', 125, 41);
insert into residencia (id, pais, ciudad, calle, numero, piloto_id) values (14, 'Swaziland', 'Darkton', 'Vahlen', 2, 11);
insert into residencia (id, pais, ciudad, calle, numero, piloto_id) values (15, 'Japan', 'Dazaifu', 'Blue Bill Park', 148, 4);
insert into residencia (id, pais, ciudad, calle, numero, piloto_id) values (16, 'Poland', 'Hyżne', 'Westend', 131, 6);
insert into residencia (id, pais, ciudad, calle, numero, piloto_id) values (17, 'Russia', 'Ferapontovo', 'Magdeline', 67, 39);
insert into residencia (id, pais, ciudad, calle, numero, piloto_id) values (18, 'Brazil', 'Campos', 'Sutherland', 48, 2);
insert into residencia (id, pais, ciudad, calle, numero, piloto_id) values (19, 'Honduras', 'El Tablón', 'American', 21, 29);
insert into residencia (id, pais, ciudad, calle, numero, piloto_id) values (20, 'Peru', 'Lonya Chico', 'Vera', 77, 5);
insert into residencia (id, pais, ciudad, calle, numero, piloto_id) values (21, 'Pakistan', 'Murree', 'Namekagon', 52, 20);
insert into residencia (id, pais, ciudad, calle, numero, piloto_id) values (22, 'Iran', 'Nīkshahr', 'Huxley', 140, 29);
insert into residencia (id, pais, ciudad, calle, numero, piloto_id) values (23, 'Japan', 'Kakogawachō-honmachi', 'Northview', 27, 39);
insert into residencia (id, pais, ciudad, calle, numero, piloto_id) values (24, 'Norway', 'Kristiansand S', 'Mallard', 132, 25);
insert into residencia (id, pais, ciudad, calle, numero, piloto_id) values (25, 'Egypt', 'Port Said', 'Bonner', 46, 38);
insert into residencia (id, pais, ciudad, calle, numero, piloto_id) values (26, 'Czech Republic', 'Kněžpole', 'Nancy', 94, 30);
insert into residencia (id, pais, ciudad, calle, numero, piloto_id) values (27, 'Portugal', 'Carnaxide', 'Washington', 17, 42);
insert into residencia (id, pais, ciudad, calle, numero, piloto_id) values (28, 'Thailand', 'Ban Tak', 'Kedzie', 106, 15);
insert into residencia (id, pais, ciudad, calle, numero, piloto_id) values (29, 'Greece', 'Antíparos', 'Longview', 33, 22);
insert into residencia (id, pais, ciudad, calle, numero, piloto_id) values (30, 'Ecuador', 'Ibarra', 'Service', 60, 33);
insert into residencia (id, pais, ciudad, calle, numero, piloto_id) values (31, 'Tajikistan', 'Bŭstonqal’a', 'Glendale', 63, 39);
insert into residencia (id, pais, ciudad, calle, numero, piloto_id) values (32, 'Iran', 'Ahar', '4th', 64, 10);
insert into residencia (id, pais, ciudad, calle, numero, piloto_id) values (33, 'China', 'Heihe', 'Mayer', 3, 2);
insert into residencia (id, pais, ciudad, calle, numero, piloto_id) values (34, 'China', 'Lidong', 'Burning Wood', 25, 42);
insert into residencia (id, pais, ciudad, calle, numero, piloto_id) values (35, 'Philippines', 'Compostela', 'Cardinal', 35, 37);
insert into residencia (id, pais, ciudad, calle, numero, piloto_id) values (36, 'Netherlands', 'Den Haag', 'Northwestern', 87, 4);
insert into residencia (id, pais, ciudad, calle, numero, piloto_id) values (37, 'Uzbekistan', 'Gagarin', 'Browning', 95, 23);
insert into residencia (id, pais, ciudad, calle, numero, piloto_id) values (38, 'South Sudan', 'Tambura', 'Golf Course', 38, 27);
insert into residencia (id, pais, ciudad, calle, numero, piloto_id) values (39, 'Nigeria', 'Kumagunnam', 'South', 38, 45);
insert into residencia (id, pais, ciudad, calle, numero, piloto_id) values (40, 'Portugal', 'Barrunchal', 'Sauthoff', 139, 2);
insert into residencia (id, pais, ciudad, calle, numero, piloto_id) values (41, 'Russia', 'Solnechnyy', 'Killdeer', 1, 32);
insert into residencia (id, pais, ciudad, calle, numero, piloto_id) values (42, 'Poland', 'Bełsznica', 'Express', 33, 27);
insert into residencia (id, pais, ciudad, calle, numero, piloto_id) values (43, 'Democratic Republic of the Congo', 'Bolobo', 'Dexter', 12, 14);
insert into residencia (id, pais, ciudad, calle, numero, piloto_id) values (44, 'Zambia', 'Mwense', 'Redwing', 69, 16);
insert into residencia (id, pais, ciudad, calle, numero, piloto_id) values (45, 'Kenya', 'Homa Bay', 'Burrows', 88, 5);
insert into residencia (id, pais, ciudad, calle, numero, piloto_id) values (46, 'China', 'Huaizhong', 'Farragut', 6, 1);
insert into residencia (id, pais, ciudad, calle, numero, piloto_id) values (47, 'Brazil', 'Lavras', 'Golf Course', 127, 29);
insert into residencia (id, pais, ciudad, calle, numero, piloto_id) values (48, 'Russia', 'Klyuchevsk', 'Lotheville', 93, 1);
insert into residencia (id, pais, ciudad, calle, numero, piloto_id) values (49, 'Ukraine', 'Rakiv Lis', 'Corscot', 128, 35);
insert into residencia (id, pais, ciudad, calle, numero, piloto_id) values (50, 'Argentina', 'General Levalle', 'Cambridge', 115, 4);
insert into residencia (id, pais, ciudad, calle, numero, piloto_id) values (51, 'Nicaragua', 'Bluefields', 'Jackson', 71, 34);
insert into residencia (id, pais, ciudad, calle, numero, piloto_id) values (52, 'China', 'Dongmaku', 'Holy Cross', 47, 14);
insert into residencia (id, pais, ciudad, calle, numero, piloto_id) values (53, 'China', 'Gaojialing', 'Dovetail', 64, 17);
insert into residencia (id, pais, ciudad, calle, numero, piloto_id) values (54, 'China', 'Ala', 'Marcy', 139, 30);
insert into residencia (id, pais, ciudad, calle, numero, piloto_id) values (55, 'China', 'Ditang', 'Dovetail', 35, 29);
insert into residencia (id, pais, ciudad, calle, numero, piloto_id) values (56, 'Philippines', 'Maloco', 'Meadow Valley', 51, 11);
insert into residencia (id, pais, ciudad, calle, numero, piloto_id) values (57, 'China', 'Beicang', 'Pearson', 73, 32);
insert into residencia (id, pais, ciudad, calle, numero, piloto_id) values (58, 'China', 'Baima', 'Meadow Ridge', 7, 5);
insert into residencia (id, pais, ciudad, calle, numero, piloto_id) values (59, 'China', 'Shantoudian', 'Tennessee', 138, 42);
insert into residencia (id, pais, ciudad, calle, numero, piloto_id) values (60, 'China', 'Yongjiang', 'Bay', 147, 34);
insert into residencia (id, pais, ciudad, calle, numero, piloto_id) values (61, 'Russia', 'Baryshevo', 'Claremont', 73, 40);
insert into residencia (id, pais, ciudad, calle, numero, piloto_id) values (62, 'China', 'Siqiao', 'Gerald', 89, 4);
insert into residencia (id, pais, ciudad, calle, numero, piloto_id) values (63, 'China', 'Chencun', 'Monterey', 146, 20);
insert into residencia (id, pais, ciudad, calle, numero, piloto_id) values (64, 'South Korea', 'Reiko', 'Fordem', 107, 42);
insert into residencia (id, pais, ciudad, calle, numero, piloto_id) values (65, 'China', 'Xinkai', 'Shoshone', 126, 2);
insert into residencia (id, pais, ciudad, calle, numero, piloto_id) values (66, 'Argentina', 'Río Grande', 'Kim', 18, 8);
insert into residencia (id, pais, ciudad, calle, numero, piloto_id) values (67, 'China', 'Xianxi', 'Lien', 37, 15);
insert into residencia (id, pais, ciudad, calle, numero, piloto_id) values (68, 'Portugal', 'Arnoia', 'Harbort', 98, 5);
insert into residencia (id, pais, ciudad, calle, numero, piloto_id) values (69, 'South Africa', 'Bultfontein', 'Anzinger', 116, 2);
insert into residencia (id, pais, ciudad, calle, numero, piloto_id) values (70, 'Syria', 'Ţayyibat al Imām', 'Sugar', 106, 8);
insert into residencia (id, pais, ciudad, calle, numero, piloto_id) values (71, 'China', 'Da’anshan', 'Jay', 31, 14);
insert into residencia (id, pais, ciudad, calle, numero, piloto_id) values (72, 'Portugal', 'Rio Covo', 'Lighthouse Bay', 48, 1);
insert into residencia (id, pais, ciudad, calle, numero, piloto_id) values (73, 'Russia', 'Dmitriyevskaya', 'Sunfield', 86, 17);
insert into residencia (id, pais, ciudad, calle, numero, piloto_id) values (74, 'Russia', 'Talnakh', 'Prairie Rose', 101, 28);
insert into residencia (id, pais, ciudad, calle, numero, piloto_id) values (75, 'China', 'Xiaotang', 'Hazelcrest', 77, 24);
insert into residencia (id, pais, ciudad, calle, numero, piloto_id) values (76, 'Germany', 'Dortmund', 'Parkside', 41, 16);
insert into residencia (id, pais, ciudad, calle, numero, piloto_id) values (77, 'France', 'Altkirch', 'Wayridge', 27, 3);
insert into residencia (id, pais, ciudad, calle, numero, piloto_id) values (78, 'Cyprus', 'Sotíra', 'Holmberg', 129, 38);
insert into residencia (id, pais, ciudad, calle, numero, piloto_id) values (79, 'China', 'Lidong', 'Lien', 40, 8);
insert into residencia (id, pais, ciudad, calle, numero, piloto_id) values (80, 'Madagascar', 'Antananarivo', 'Elmside', 96, 45);
insert into residencia (id, pais, ciudad, calle, numero, piloto_id) values (81, 'Cameroon', 'Kribi', 'Sachtjen', 38, 12);
insert into residencia (id, pais, ciudad, calle, numero, piloto_id) values (82, 'Russia', 'Ostashkov', 'Muir', 77, 31);
insert into residencia (id, pais, ciudad, calle, numero, piloto_id) values (83, 'Sweden', 'Trollhättan', 'Menomonie', 124, 33);
insert into residencia (id, pais, ciudad, calle, numero, piloto_id) values (84, 'Colombia', 'Río de Oro', 'Mariners Cove', 115, 44);
insert into residencia (id, pais, ciudad, calle, numero, piloto_id) values (85, 'Costa Rica', 'Chacarita', 'Stoughton', 15, 45);
insert into residencia (id, pais, ciudad, calle, numero, piloto_id) values (86, 'Indonesia', 'Setonokalong', 'Badeau', 2, 26);
insert into residencia (id, pais, ciudad, calle, numero, piloto_id) values (87, 'Pakistan', 'Chak', 'Chinook', 21, 8);
insert into residencia (id, pais, ciudad, calle, numero, piloto_id) values (88, 'China', 'Sanxi', 'Spenser', 147, 19);
insert into residencia (id, pais, ciudad, calle, numero, piloto_id) values (89, 'Pakistan', 'Thatta', 'Kropf', 75, 11);
insert into residencia (id, pais, ciudad, calle, numero, piloto_id) values (90, 'Sweden', 'Norrköping', 'Armistice', 74, 4);
insert into residencia (id, pais, ciudad, calle, numero, piloto_id) values (91, 'Serbia', 'Čajetina', 'Mitchell', 68, 22);
insert into residencia (id, pais, ciudad, calle, numero, piloto_id) values (92, 'China', 'Chenhu', 'Graceland', 141, 8);
insert into residencia (id, pais, ciudad, calle, numero, piloto_id) values (93, 'Brazil', 'Sobradinho', 'Darwin', 79, 19);
insert into residencia (id, pais, ciudad, calle, numero, piloto_id) values (94, 'Sweden', 'Haninge', 'Springview', 57, 34);
insert into residencia (id, pais, ciudad, calle, numero, piloto_id) values (95, 'Sweden', 'Stockholm', 'Bunker Hill', 13, 19);
insert into residencia (id, pais, ciudad, calle, numero, piloto_id) values (96, 'Ukraine', 'Vyshneve', 'Red Cloud', 54, 45);
insert into residencia (id, pais, ciudad, calle, numero, piloto_id) values (97, 'Indonesia', 'Tegalbuleud', 'Haas', 23, 30);
insert into residencia (id, pais, ciudad, calle, numero, piloto_id) values (98, 'China', 'Xindian', 'Norway Maple', 4, 12);
insert into residencia (id, pais, ciudad, calle, numero, piloto_id) values (99, 'Brazil', 'Miguel Calmon', 'Graceland', 57, 20);
insert into residencia (id, pais, ciudad, calle, numero, piloto_id) values (100, 'China', 'Huaxijie', 'Ruskin', 117, 29);
