drop sequence if exists hibernate_sequence;
create sequence hibernate_sequence start with 200 increment by 1;

insert into sponsor (id, nombre) values (1, 'Avamba');
insert into sponsor (id, nombre) values (2, 'Jaxnation');
insert into sponsor (id, nombre) values (3, 'Riffpath');
insert into sponsor (id, nombre) values (4, 'Kazu');
insert into sponsor (id, nombre) values (5, 'Eayo');
insert into sponsor (id, nombre) values (6, 'Pixope');
insert into sponsor (id, nombre) values (7, 'Quimba');
insert into sponsor (id, nombre) values (8, 'Avamba');
insert into sponsor (id, nombre) values (9, 'Lazz');
insert into sponsor (id, nombre) values (10, 'Wikibox');
insert into sponsor (id, nombre) values (11, 'Kazu');

insert into piloto (id, nombre, apellidos, genero, nacimiento, sponsor_id) values (1, 'Noemi', 'Letchmore', 'Female', '30/06/1983', 1);
insert into piloto (id, nombre, apellidos, genero, nacimiento, sponsor_id) values (2, 'Elmira', 'Poone', 'Female', '16/03/1921', 9);
insert into piloto (id, nombre, apellidos, genero, nacimiento, sponsor_id) values (3, 'Trefor', 'Clohessy', 'Male', '23/04/1977', 3);
insert into piloto (id, nombre, apellidos, genero, nacimiento, sponsor_id) values (4, 'Wye', 'Bexon', 'Male', '20/05/1944', 8);
insert into piloto (id, nombre, apellidos, genero, nacimiento, sponsor_id) values (5, 'Clerc', 'Gregoire', 'Male', '31/07/1998', 11);
insert into piloto (id, nombre, apellidos, genero, nacimiento, sponsor_id) values (6, 'Eveleen', 'Ayer', 'Female', '14/11/2000', 1);
insert into piloto (id, nombre, apellidos, genero, nacimiento, sponsor_id) values (7, 'Jewelle', 'Reck', 'Female', '15/08/1980', 10);
insert into piloto (id, nombre, apellidos, genero, nacimiento, sponsor_id) values (8, 'Derk', 'Bonwell', 'Male', '21/02/1953', 4);
insert into piloto (id, nombre, apellidos, genero, nacimiento, sponsor_id) values (9, 'Fionnula', 'Riccardelli', 'Female', '11/12/1949', 9);
insert into piloto (id, nombre, apellidos, genero, nacimiento, sponsor_id) values (10, 'Fonz', 'St. Louis', 'Male', '11/08/1943', 3);
insert into piloto (id, nombre, apellidos, genero, nacimiento, sponsor_id) values (11, 'Auberta', 'Gonneau', 'Female', '31/01/1985', 3);
insert into piloto (id, nombre, apellidos, genero, nacimiento, sponsor_id) values (12, 'Candie', 'Mandrier', 'Female', '07/12/1977', 1);
insert into piloto (id, nombre, apellidos, genero, nacimiento, sponsor_id) values (13, 'Wood', 'Suero', 'Male', '30/05/1953', 8);
insert into piloto (id, nombre, apellidos, genero, nacimiento, sponsor_id) values (14, 'Aimil', 'Gadeaux', 'Female', '11/12/1924', 8);
insert into piloto (id, nombre, apellidos, genero, nacimiento, sponsor_id) values (15, 'Laurens', 'Huggin', 'Male', '04/10/1956', 7);
insert into piloto (id, nombre, apellidos, genero, nacimiento, sponsor_id) values (16, 'Veronique', 'Munehay', 'Female', '03/04/1955', 7);
insert into piloto (id, nombre, apellidos, genero, nacimiento, sponsor_id) values (17, 'Dacey', 'Takis', 'Female', '01/07/1954', 1);
insert into piloto (id, nombre, apellidos, genero, nacimiento, sponsor_id) values (18, 'Millard', 'Warbys', 'Male', '25/02/1928', 2);
insert into piloto (id, nombre, apellidos, genero, nacimiento, sponsor_id) values (19, 'Delmar', 'Lippitt', 'Male', '03/03/1945', 7);
insert into piloto (id, nombre, apellidos, genero, nacimiento, sponsor_id) values (20, 'Ham', 'Walisiak', 'Male', '24/11/1923', 1);
insert into piloto (id, nombre, apellidos, genero, nacimiento, sponsor_id) values (21, 'Debee', 'Levy', 'Female', '12/09/1940', 3);
insert into piloto (id, nombre, apellidos, genero, nacimiento, sponsor_id) values (22, 'Elfreda', 'Orpwood', 'Female', '27/03/1987', 10);
insert into piloto (id, nombre, apellidos, genero, nacimiento, sponsor_id) values (23, 'Daveta', 'Vane', 'Female', '02/03/1926', 1);
insert into piloto (id, nombre, apellidos, genero, nacimiento, sponsor_id) values (24, 'Merrill', 'Sinfield', 'Male', '28/08/1999', 10);
insert into piloto (id, nombre, apellidos, genero, nacimiento, sponsor_id) values (25, 'Theresita', 'Rebichon', 'Female', '16/09/1927', 5);
insert into piloto (id, nombre, apellidos, genero, nacimiento, sponsor_id) values (26, 'Grier', 'Lothean', 'Female', '16/11/1989', 4);
insert into piloto (id, nombre, apellidos, genero, nacimiento, sponsor_id) values (27, 'Oswell', 'Pennetta', 'Male', '05/01/1934', 3);
insert into piloto (id, nombre, apellidos, genero, nacimiento, sponsor_id) values (28, 'Yanaton', 'Barbary', 'Male', '22/12/1996', 1);
insert into piloto (id, nombre, apellidos, genero, nacimiento, sponsor_id) values (29, 'Karon', 'Baugh', 'Female', '26/06/1949', 11);
insert into piloto (id, nombre, apellidos, genero, nacimiento, sponsor_id) values (30, 'Patrica', 'Lecordier', 'Female', '27/08/1994', 8);
insert into piloto (id, nombre, apellidos, genero, nacimiento, sponsor_id) values (31, 'Hebert', 'Jakobssen', 'Male', '30/07/1971', 4);
insert into piloto (id, nombre, apellidos, genero, nacimiento, sponsor_id) values (32, 'Lucio', 'Playfoot', 'Male', '04/12/1983', 4);
insert into piloto (id, nombre, apellidos, genero, nacimiento, sponsor_id) values (33, 'Sandro', 'Kelshaw', 'Male', '06/04/1988', 5);
insert into piloto (id, nombre, apellidos, genero, nacimiento, sponsor_id) values (34, 'Edeline', 'Perri', 'Female', '06/05/1968', 1);
insert into piloto (id, nombre, apellidos, genero, nacimiento, sponsor_id) values (35, 'Chico', 'McGerraghty', 'Male', '24/10/1935', 6);
insert into piloto (id, nombre, apellidos, genero, nacimiento, sponsor_id) values (36, 'Kellyann', 'Stot', 'Female', '08/05/1960', 11);
insert into piloto (id, nombre, apellidos, genero, nacimiento, sponsor_id) values (37, 'Cece', 'Dougary', 'Male', '29/12/1939', 11);
insert into piloto (id, nombre, apellidos, genero, nacimiento, sponsor_id) values (38, 'Bobbie', 'Parcall', 'Male', '02/08/1924', 8);
insert into piloto (id, nombre, apellidos, genero, nacimiento, sponsor_id) values (39, 'Upton', 'Lethbridge', 'Male', '30/04/1923', 4);
insert into piloto (id, nombre, apellidos, genero, nacimiento, sponsor_id) values (40, 'Astra', 'Tibbs', 'Female', '14/12/1978', 2);
insert into piloto (id, nombre, apellidos, genero, nacimiento, sponsor_id) values (41, 'Raimundo', 'Rillett', 'Male', '30/04/1994', 2);
insert into piloto (id, nombre, apellidos, genero, nacimiento, sponsor_id) values (42, 'Sayre', 'McGaughie', 'Female', '21/09/1987', 6);
insert into piloto (id, nombre, apellidos, genero, nacimiento, sponsor_id) values (43, 'Joline', 'Gerrard', 'Female', '08/07/1953', 8);
insert into piloto (id, nombre, apellidos, genero, nacimiento, sponsor_id) values (44, 'Sabra', 'Bretherton', 'Female', '01/09/1933', 3);
insert into piloto (id, nombre, apellidos, genero, nacimiento, sponsor_id) values (45, 'Percy', 'Wishart', 'Male', '23/05/1983', 4);

insert into coche (id, marca, modelo, valor, piloto_id) values (1, 'Lotus', 'Exige', 46841.91, 45);
insert into coche (id, marca, modelo, valor, piloto_id) values (2, 'Ford', 'F-Series', 87112.7, 31);
insert into coche (id, marca, modelo, valor, piloto_id) values (3, 'Hyundai', 'Accent', 70471.23, 27);
insert into coche (id, marca, modelo, valor, piloto_id) values (4, 'Mercedes-Benz', 'CLS-Class', 63730.77, 22);
insert into coche (id, marca, modelo, valor, piloto_id) values (5, 'BMW', 'X3', 82653.2, 20);
insert into coche (id, marca, modelo, valor, piloto_id) values (6, 'Infiniti', 'G', 82703.78, 13);
insert into coche (id, marca, modelo, valor, piloto_id) values (7, 'Pontiac', 'Bonneville', 41837.1, 36);
insert into coche (id, marca, modelo, valor, piloto_id) values (8, 'Isuzu', 'Space', 33252.31, 13);
insert into coche (id, marca, modelo, valor, piloto_id) values (9, 'Mazda', '626', 50828.44, 24);
insert into coche (id, marca, modelo, valor, piloto_id) values (10, 'Audi', 'A4', 57868.43, 23);
insert into coche (id, marca, modelo, valor, piloto_id) values (11, 'Acura', 'Integra', 57433.12, 18);
insert into coche (id, marca, modelo, valor, piloto_id) values (12, 'Mercedes-Benz', 'SL-Class', 37615.28, 4);
insert into coche (id, marca, modelo, valor, piloto_id) values (13, 'Toyota', 'Prius', 93848.52, 2);
insert into coche (id, marca, modelo, valor, piloto_id) values (14, 'Aston Martin', 'DB9', 84528.27, 22);
insert into coche (id, marca, modelo, valor, piloto_id) values (15, 'GMC', 'Savana 1500', 93749.28, 32);
insert into coche (id, marca, modelo, valor, piloto_id) values (16, 'Pontiac', 'Trans Sport', 78784.77, 22);
insert into coche (id, marca, modelo, valor, piloto_id) values (17, 'Toyota', 'Tacoma', 90750.41, 26);
insert into coche (id, marca, modelo, valor, piloto_id) values (18, 'Ford', 'Mustang', 37048.07, 39);
insert into coche (id, marca, modelo, valor, piloto_id) values (19, 'BMW', '6 Series', 29365.63, 8);
insert into coche (id, marca, modelo, valor, piloto_id) values (20, 'Chevrolet', 'S10', 97121.04, 19);
insert into coche (id, marca, modelo, valor, piloto_id) values (21, 'Chevrolet', 'Cruze', 63933.19, 10);
insert into coche (id, marca, modelo, valor, piloto_id) values (22, 'GMC', 'Safari', 76605.67, 45);
insert into coche (id, marca, modelo, valor, piloto_id) values (23, 'Acura', 'RL', 74392.29, 21);
insert into coche (id, marca, modelo, valor, piloto_id) values (24, 'Land Rover', 'Discovery Series II', 41476.83, 6);
insert into coche (id, marca, modelo, valor, piloto_id) values (25, 'Chrysler', 'Aspen', 55134.6, 45);
insert into coche (id, marca, modelo, valor, piloto_id) values (26, 'Toyota', 'Land Cruiser', 58377.01, 28);
insert into coche (id, marca, modelo, valor, piloto_id) values (27, 'Chevrolet', 'Tracker', 91981.24, 13);
insert into coche (id, marca, modelo, valor, piloto_id) values (28, 'Infiniti', 'EX', 25635.19, 14);
insert into coche (id, marca, modelo, valor, piloto_id) values (29, 'Aston Martin', 'V8 Vantage', 51619.92, 26);
insert into coche (id, marca, modelo, valor, piloto_id) values (30, 'Saturn', 'VUE', 59039.67, 10);
insert into coche (id, marca, modelo, valor, piloto_id) values (31, 'Aston Martin', 'DBS', 28756.9, 20);
insert into coche (id, marca, modelo, valor, piloto_id) values (32, 'Land Rover', 'Freelander', 49961.41, 17);
insert into coche (id, marca, modelo, valor, piloto_id) values (33, 'Mazda', 'B-Series Plus', 83943.24, 11);
insert into coche (id, marca, modelo, valor, piloto_id) values (34, 'Honda', 'Odyssey', 34774.22, 45);
insert into coche (id, marca, modelo, valor, piloto_id) values (35, 'Ford', 'Taurus', 92903.18, 30);
insert into coche (id, marca, modelo, valor, piloto_id) values (36, 'Toyota', 'TundraMax', 48401.4, 35);
insert into coche (id, marca, modelo, valor, piloto_id) values (37, 'Infiniti', 'M', 35655.12, 34);
insert into coche (id, marca, modelo, valor, piloto_id) values (38, 'Dodge', 'Dakota', 68561.62, 7);
insert into coche (id, marca, modelo, valor, piloto_id) values (39, 'Cadillac', 'Escalade EXT', 76289.0, 38);
insert into coche (id, marca, modelo, valor, piloto_id) values (40, 'Chrysler', 'Crossfire', 33123.16, 25);
insert into coche (id, marca, modelo, valor, piloto_id) values (41, 'Pontiac', 'Firefly', 74577.12, 43);
insert into coche (id, marca, modelo, valor, piloto_id) values (42, 'Hyundai', 'Veracruz', 37688.99, 23);
insert into coche (id, marca, modelo, valor, piloto_id) values (43, 'Ford', 'Transit Connect', 78423.59, 21);
insert into coche (id, marca, modelo, valor, piloto_id) values (44, 'Mazda', 'Mazdaspeed 3', 54939.3, 12);
insert into coche (id, marca, modelo, valor, piloto_id) values (45, 'Ford', 'Tempo', 70452.45, 20);
insert into coche (id, marca, modelo, valor, piloto_id) values (46, 'Volvo', 'S70', 30117.34, 36);
insert into coche (id, marca, modelo, valor, piloto_id) values (47, 'Ford', 'Club Wagon', 90904.7, 9);
insert into coche (id, marca, modelo, valor, piloto_id) values (48, 'Chevrolet', 'Blazer', 54886.71, 43);
insert into coche (id, marca, modelo, valor, piloto_id) values (49, 'Infiniti', 'QX', 98063.5, 9);
insert into coche (id, marca, modelo, valor, piloto_id) values (50, 'Audi', 'A4', 78181.4, 31);
insert into coche (id, marca, modelo, valor, piloto_id) values (51, 'Hyundai', 'Tucson', 35259.42, 8);
insert into coche (id, marca, modelo, valor, piloto_id) values (52, 'Audi', 'S4', 78967.21, 30);
insert into coche (id, marca, modelo, valor, piloto_id) values (53, 'Volkswagen', 'Touareg', 72871.34, 4);
insert into coche (id, marca, modelo, valor, piloto_id) values (54, 'Toyota', 'Matrix', 65835.08, 26);
insert into coche (id, marca, modelo, valor, piloto_id) values (55, 'Ford', 'Explorer', 70414.36, 1);
insert into coche (id, marca, modelo, valor, piloto_id) values (56, 'Oldsmobile', 'LSS', 29568.83, 1);
insert into coche (id, marca, modelo, valor, piloto_id) values (57, 'Audi', 'S4', 53865.56, 1);
insert into coche (id, marca, modelo, valor, piloto_id) values (58, 'Eagle', 'Summit', 93578.41, 16);
insert into coche (id, marca, modelo, valor, piloto_id) values (59, 'Bentley', 'Arnage', 64516.96, 23);
insert into coche (id, marca, modelo, valor, piloto_id) values (60, 'Chrysler', 'PT Cruiser', 48478.35, 36);
insert into coche (id, marca, modelo, valor, piloto_id) values (61, 'Acura', 'NSX', 63322.16, 18);
insert into coche (id, marca, modelo, valor, piloto_id) values (62, 'Audi', '100', 80772.61, 2);
insert into coche (id, marca, modelo, valor, piloto_id) values (63, 'Mitsubishi', 'Truck', 39976.39, 1);
insert into coche (id, marca, modelo, valor, piloto_id) values (64, 'Toyota', '4Runner', 30043.55, 38);
insert into coche (id, marca, modelo, valor, piloto_id) values (65, 'Toyota', 'Tercel', 91686.58, 38);
insert into coche (id, marca, modelo, valor, piloto_id) values (66, 'Dodge', 'Ram 1500', 31823.61, 5);
insert into coche (id, marca, modelo, valor, piloto_id) values (67, 'Mazda', 'Familia', 59790.1, 41);
insert into coche (id, marca, modelo, valor, piloto_id) values (68, 'Volkswagen', 'Routan', 76419.85, 28);
insert into coche (id, marca, modelo, valor, piloto_id) values (69, 'Ford', 'LTD Crown Victoria', 25620.59, 29);
insert into coche (id, marca, modelo, valor, piloto_id) values (70, 'Land Rover', 'Defender 90', 86845.22, 18);
insert into coche (id, marca, modelo, valor, piloto_id) values (71, 'Kia', 'Sedona', 48564.4, 18);
insert into coche (id, marca, modelo, valor, piloto_id) values (72, 'Mitsubishi', 'Chariot', 47674.1, 25);
insert into coche (id, marca, modelo, valor, piloto_id) values (73, 'Mazda', 'Miata MX-5', 74209.65, 36);
insert into coche (id, marca, modelo, valor, piloto_id) values (74, 'GMC', 'Yukon XL 2500', 40847.95, 30);
insert into coche (id, marca, modelo, valor, piloto_id) values (75, 'GMC', 'Yukon XL 1500', 49827.18, 40);
insert into coche (id, marca, modelo, valor, piloto_id) values (76, 'Mazda', 'MX-5', 88878.39, 1);
insert into coche (id, marca, modelo, valor, piloto_id) values (77, 'Nissan', 'Xterra', 28778.08, 13);
insert into coche (id, marca, modelo, valor, piloto_id) values (78, 'Chevrolet', 'Suburban 2500', 42465.95, 42);
insert into coche (id, marca, modelo, valor, piloto_id) values (79, 'Chevrolet', 'Corvette', 62268.03, 36);
insert into coche (id, marca, modelo, valor, piloto_id) values (80, 'Mercedes-Benz', 'G-Class', 28523.34, 16);
insert into coche (id, marca, modelo, valor, piloto_id) values (81, 'Chrysler', 'New Yorker', 36037.1, 3);
insert into coche (id, marca, modelo, valor, piloto_id) values (82, 'Plymouth', 'Breeze', 78344.94, 17);
insert into coche (id, marca, modelo, valor, piloto_id) values (83, 'Subaru', 'XT', 70533.25, 11);
insert into coche (id, marca, modelo, valor, piloto_id) values (84, 'Mazda', 'B-Series', 97723.16, 24);
insert into coche (id, marca, modelo, valor, piloto_id) values (85, 'Mercedes-Benz', 'CLK-Class', 48972.53, 7);
insert into coche (id, marca, modelo, valor, piloto_id) values (86, 'Mercedes-Benz', 'SLK-Class', 30710.02, 32);
insert into coche (id, marca, modelo, valor, piloto_id) values (87, 'Dodge', 'Ram 2500', 86442.51, 10);
insert into coche (id, marca, modelo, valor, piloto_id) values (88, 'Chevrolet', 'Silverado', 34884.85, 5);
insert into coche (id, marca, modelo, valor, piloto_id) values (89, 'GMC', 'Yukon XL 2500', 60948.46, 31);
insert into coche (id, marca, modelo, valor, piloto_id) values (90, 'Buick', 'Riviera', 52360.48, 1);
insert into coche (id, marca, modelo, valor, piloto_id) values (91, 'Suzuki', 'Esteem', 78163.43, 5);
insert into coche (id, marca, modelo, valor, piloto_id) values (92, 'Oldsmobile', 'Silhouette', 80624.8, 34);
insert into coche (id, marca, modelo, valor, piloto_id) values (93, 'BMW', '7 Series', 66951.97, 9);
insert into coche (id, marca, modelo, valor, piloto_id) values (94, 'Nissan', 'Leaf', 87015.97, 35);
insert into coche (id, marca, modelo, valor, piloto_id) values (95, 'Maybach', '62', 48674.02, 11);
insert into coche (id, marca, modelo, valor, piloto_id) values (96, 'Kia', 'Sportage', 90645.82, 7);
insert into coche (id, marca, modelo, valor, piloto_id) values (97, 'Hummer', 'H1', 46632.35, 31);
insert into coche (id, marca, modelo, valor, piloto_id) values (98, 'Volkswagen', 'rio', 54557.09, 34);
insert into coche (id, marca, modelo, valor, piloto_id) values (99, 'Toyota', 'Corolla', 89759.33, 20);
insert into coche (id, marca, modelo, valor, piloto_id) values (100, 'Acura', 'CL', 91934.74, 6);
insert into coche (id, marca, modelo, valor, piloto_id) values (101, 'Pontiac', 'GTO', 73131.59, 2);
insert into coche (id, marca, modelo, valor, piloto_id) values (102, 'Pontiac', 'Tempest', 86356.53, 7);
insert into coche (id, marca, modelo, valor, piloto_id) values (103, 'Chevrolet', 'Corvette', 26702.56, 24);
insert into coche (id, marca, modelo, valor, piloto_id) values (104, 'Suzuki', 'Grand Vitara', 44035.09, 24);
insert into coche (id, marca, modelo, valor, piloto_id) values (105, 'Lexus', 'LX', 67320.38, 35);
insert into coche (id, marca, modelo, valor, piloto_id) values (106, 'Mercedes-Benz', 'M-Class', 53290.75, 43);
insert into coche (id, marca, modelo, valor, piloto_id) values (107, 'Acura', 'RL', 51928.0, 17);
insert into coche (id, marca, modelo, valor, piloto_id) values (108, 'Honda', 'Insight', 79413.17, 44);
insert into coche (id, marca, modelo, valor, piloto_id) values (109, 'Volvo', 'XC90', 73872.14, 28);
insert into coche (id, marca, modelo, valor, piloto_id) values (110, 'Ford', 'Focus', 95664.12, 18);
insert into coche (id, marca, modelo, valor, piloto_id) values (111, 'Mercury', 'Grand Marquis', 91867.13, 10);
insert into coche (id, marca, modelo, valor, piloto_id) values (112, 'Dodge', 'Durango', 81160.24, 23);
insert into coche (id, marca, modelo, valor, piloto_id) values (113, 'Acura', 'NSX', 30971.76, 26);
insert into coche (id, marca, modelo, valor, piloto_id) values (114, 'GMC', 'EV1', 58982.21, 19);
insert into coche (id, marca, modelo, valor, piloto_id) values (115, 'Ford', 'Escort', 79772.5, 40);
insert into coche (id, marca, modelo, valor, piloto_id) values (116, 'Mazda', 'CX-5', 32202.61, 10);
insert into coche (id, marca, modelo, valor, piloto_id) values (117, 'Kia', 'Carens', 97561.22, 32);
insert into coche (id, marca, modelo, valor, piloto_id) values (118, 'Volkswagen', 'Routan', 99329.46, 15);
insert into coche (id, marca, modelo, valor, piloto_id) values (119, 'Pontiac', 'LeMans', 70205.46, 16);
insert into coche (id, marca, modelo, valor, piloto_id) values (120, 'Ford', 'F-Series', 33989.28, 42);
insert into coche (id, marca, modelo, valor, piloto_id) values (121, 'Mitsubishi', 'Diamante', 25494.75, 24);
insert into coche (id, marca, modelo, valor, piloto_id) values (122, 'Scion', 'tC', 89219.62, 32);
insert into coche (id, marca, modelo, valor, piloto_id) values (123, 'Porsche', '944', 81817.93, 45);
insert into coche (id, marca, modelo, valor, piloto_id) values (124, 'Ford', 'E-Series', 68806.97, 1);
insert into coche (id, marca, modelo, valor, piloto_id) values (125, 'Acura', 'ZDX', 50711.78, 21);
insert into coche (id, marca, modelo, valor, piloto_id) values (126, 'GMC', 'Envoy', 42296.1, 5);
insert into coche (id, marca, modelo, valor, piloto_id) values (127, 'Mercedes-Benz', 'CLK-Class', 31012.1, 19);
insert into coche (id, marca, modelo, valor, piloto_id) values (128, 'Infiniti', 'QX', 34851.35, 3);
insert into coche (id, marca, modelo, valor, piloto_id) values (129, 'GMC', '2500', 90931.74, 32);
insert into coche (id, marca, modelo, valor, piloto_id) values (130, 'Chevrolet', 'Suburban 2500', 56423.95, 23);
insert into coche (id, marca, modelo, valor, piloto_id) values (131, 'Subaru', 'Justy', 42836.27, 1);
insert into coche (id, marca, modelo, valor, piloto_id) values (132, 'Audi', 'S8', 93483.19, 21);
insert into coche (id, marca, modelo, valor, piloto_id) values (133, 'Pontiac', 'Grand Prix', 27890.19, 3);
insert into coche (id, marca, modelo, valor, piloto_id) values (134, 'Lincoln', 'Aviator', 54527.83, 5);
insert into coche (id, marca, modelo, valor, piloto_id) values (135, 'Pontiac', 'Grand Prix', 87463.02, 23);
insert into coche (id, marca, modelo, valor, piloto_id) values (136, 'Toyota', 'FJ Cruiser', 28070.63, 27);
insert into coche (id, marca, modelo, valor, piloto_id) values (137, 'Chevrolet', 'Blazer', 36761.48, 10);
insert into coche (id, marca, modelo, valor, piloto_id) values (138, 'Dodge', 'Ram Wagon B350', 98094.77, 16);
insert into coche (id, marca, modelo, valor, piloto_id) values (139, 'Cadillac', 'DeVille', 74638.73, 25);
insert into coche (id, marca, modelo, valor, piloto_id) values (140, 'Mercedes-Benz', 'C-Class', 52587.52, 45);
insert into coche (id, marca, modelo, valor, piloto_id) values (141, 'Toyota', 'Avalon', 50366.95, 18);
insert into coche (id, marca, modelo, valor, piloto_id) values (142, 'BMW', '5 Series', 74568.42, 16);
insert into coche (id, marca, modelo, valor, piloto_id) values (143, 'Saturn', 'VUE', 36527.06, 29);
insert into coche (id, marca, modelo, valor, piloto_id) values (144, 'Volvo', 'V70', 36581.5, 17);
insert into coche (id, marca, modelo, valor, piloto_id) values (145, 'Mitsubishi', 'Pajero', 55085.45, 4);
insert into coche (id, marca, modelo, valor, piloto_id) values (146, 'Ford', 'Escape', 46798.51, 1);
insert into coche (id, marca, modelo, valor, piloto_id) values (147, 'Toyota', 'Previa', 48963.23, 33);
insert into coche (id, marca, modelo, valor, piloto_id) values (148, 'Dodge', 'Ram Wagon B250', 42272.91, 18);
insert into coche (id, marca, modelo, valor, piloto_id) values (149, 'Pontiac', 'Firebird', 25073.21, 13);
insert into coche (id, marca, modelo, valor, piloto_id) values (150, 'Buick', 'Skyhawk', 33472.93, 35);
insert into coche (id, marca, modelo, valor, piloto_id) values (151, 'Scion', 'tC', 80341.92, 34);
insert into coche (id, marca, modelo, valor, piloto_id) values (152, 'Mitsubishi', 'Eclipse', 94311.75, 42);
insert into coche (id, marca, modelo, valor, piloto_id) values (153, 'Ford', 'Festiva', 91720.84, 23);
insert into coche (id, marca, modelo, valor, piloto_id) values (154, 'Mitsubishi', 'Galant', 97303.9, 12);
insert into coche (id, marca, modelo, valor, piloto_id) values (155, 'Bentley', 'Continental GTC', 96942.44, 31);
insert into coche (id, marca, modelo, valor, piloto_id) values (156, 'Volvo', 'S40', 55846.61, 18);
insert into coche (id, marca, modelo, valor, piloto_id) values (157, 'BMW', 'M', 82108.62, 16);
insert into coche (id, marca, modelo, valor, piloto_id) values (158, 'Buick', 'Coachbuilder', 43328.94, 11);
insert into coche (id, marca, modelo, valor, piloto_id) values (159, 'Mercedes-Benz', 'E-Class', 79692.36, 23);
insert into coche (id, marca, modelo, valor, piloto_id) values (160, 'Ford', 'Edge', 40361.88, 1);
insert into coche (id, marca, modelo, valor, piloto_id) values (161, 'Subaru', 'XT', 49352.31, 44);
insert into coche (id, marca, modelo, valor, piloto_id) values (162, 'Hummer', 'H2', 32834.89, 44);
insert into coche (id, marca, modelo, valor, piloto_id) values (163, 'Mercury', 'Grand Marquis', 35043.78, 23);
insert into coche (id, marca, modelo, valor, piloto_id) values (164, 'GMC', 'Rally Wagon G3500', 38274.65, 7);
insert into coche (id, marca, modelo, valor, piloto_id) values (165, 'Dodge', 'Ram 1500', 83634.0, 26);
insert into coche (id, marca, modelo, valor, piloto_id) values (166, 'GMC', 'Savana 3500', 32161.63, 19);
insert into coche (id, marca, modelo, valor, piloto_id) values (167, 'GMC', 'Savana', 89511.1, 35);
insert into coche (id, marca, modelo, valor, piloto_id) values (168, 'Dodge', 'Nitro', 53498.44, 7);
insert into coche (id, marca, modelo, valor, piloto_id) values (169, 'Cadillac', 'DTS', 79323.82, 21);
insert into coche (id, marca, modelo, valor, piloto_id) values (170, 'Subaru', 'Forester', 28987.79, 4);
insert into coche (id, marca, modelo, valor, piloto_id) values (171, 'Mazda', 'MX-6', 73864.46, 25);
insert into coche (id, marca, modelo, valor, piloto_id) values (172, 'Volkswagen', 'Jetta', 93014.31, 20);
insert into coche (id, marca, modelo, valor, piloto_id) values (173, 'Mitsubishi', '3000GT', 99364.18, 43);
insert into coche (id, marca, modelo, valor, piloto_id) values (174, 'Eagle', 'Talon', 88242.42, 18);
insert into coche (id, marca, modelo, valor, piloto_id) values (175, 'Buick', 'Regal', 39098.8, 16);
insert into coche (id, marca, modelo, valor, piloto_id) values (176, 'Dodge', 'Avenger', 80605.29, 31);
insert into coche (id, marca, modelo, valor, piloto_id) values (177, 'Cadillac', 'SRX', 33988.52, 4);
insert into coche (id, marca, modelo, valor, piloto_id) values (178, 'Chevrolet', 'Tahoe', 63591.23, 10);
insert into coche (id, marca, modelo, valor, piloto_id) values (179, 'Kia', 'Sedona', 49833.97, 14);
insert into coche (id, marca, modelo, valor, piloto_id) values (180, 'Plymouth', 'Prowler', 82016.95, 10);
insert into coche (id, marca, modelo, valor, piloto_id) values (181, 'Mitsubishi', 'Truck', 92195.27, 45);
insert into coche (id, marca, modelo, valor, piloto_id) values (182, 'Bugatti', 'Veyron', 98622.47, 45);
insert into coche (id, marca, modelo, valor, piloto_id) values (183, 'Toyota', 'Previa', 75732.0, 37);
insert into coche (id, marca, modelo, valor, piloto_id) values (184, 'BMW', '650', 33124.66, 19);
insert into coche (id, marca, modelo, valor, piloto_id) values (185, 'Mitsubishi', 'Starion', 37014.99, 16);


insert into residencia (id, pais, ciudad, calle, numero, piloto_id) values (1, 'Indonesia', 'Cipanas', 'Blackbird', 41, 16);
insert into residencia (id, pais, ciudad, calle, numero, piloto_id) values (2, 'Ukraine', 'Velikiye Borki', 'Porter', 142, 43);
insert into residencia (id, pais, ciudad, calle, numero, piloto_id) values (3, 'Ukraine', 'Dykan’ka', 'Eastlawn', 132, 33);
insert into residencia (id, pais, ciudad, calle, numero, piloto_id) values (4, 'Jordan', '‘Ajlūn', 'Forster', 145, 33);
insert into residencia (id, pais, ciudad, calle, numero, piloto_id) values (5, 'Sweden', 'Borlänge', 'Old Gate', 62, 13);
insert into residencia (id, pais, ciudad, calle, numero, piloto_id) values (6, 'Tanzania', 'Namalenga', 'Del Mar', 94, 27);
insert into residencia (id, pais, ciudad, calle, numero, piloto_id) values (7, 'Togo', 'Badou', 'Morrow', 29, 10);
insert into residencia (id, pais, ciudad, calle, numero, piloto_id) values (8, 'Russia', 'Maloyaroslavets', 'Talmadge', 10, 10);
insert into residencia (id, pais, ciudad, calle, numero, piloto_id) values (9, 'Russia', 'Skhodnya', 'Ronald Regan', 131, 5);
insert into residencia (id, pais, ciudad, calle, numero, piloto_id) values (10, 'Botswana', 'Nokaneng', 'Brown', 43, 14);
insert into residencia (id, pais, ciudad, calle, numero, piloto_id) values (11, 'Portugal', 'Olival', 'Lyons', 105, 37);
insert into residencia (id, pais, ciudad, calle, numero, piloto_id) values (12, 'Palestinian Territory', 'Quşrah', 'Loeprich', 93, 31);
insert into residencia (id, pais, ciudad, calle, numero, piloto_id) values (13, 'Tanzania', 'Mtwango', 'Crescent Oaks', 125, 41);
insert into residencia (id, pais, ciudad, calle, numero, piloto_id) values (14, 'Swaziland', 'Darkton', 'Vahlen', 2, 11);
insert into residencia (id, pais, ciudad, calle, numero, piloto_id) values (15, 'Japan', 'Dazaifu', 'Blue Bill Park', 148, 4);
insert into residencia (id, pais, ciudad, calle, numero, piloto_id) values (16, 'Poland', 'Hyżne', 'Westend', 131, 6);
insert into residencia (id, pais, ciudad, calle, numero, piloto_id) values (17, 'Russia', 'Ferapontovo', 'Magdeline', 67, 39);
insert into residencia (id, pais, ciudad, calle, numero, piloto_id) values (18, 'Brazil', 'Campos', 'Sutherland', 48, 2);
insert into residencia (id, pais, ciudad, calle, numero, piloto_id) values (19, 'Honduras', 'El Tablón', 'American', 21, 29);
insert into residencia (id, pais, ciudad, calle, numero, piloto_id) values (20, 'Peru', 'Lonya Chico', 'Vera', 77, 5);
insert into residencia (id, pais, ciudad, calle, numero, piloto_id) values (21, 'Pakistan', 'Murree', 'Namekagon', 52, 20);
insert into residencia (id, pais, ciudad, calle, numero, piloto_id) values (22, 'Iran', 'Nīkshahr', 'Huxley', 140, 29);
insert into residencia (id, pais, ciudad, calle, numero, piloto_id) values (23, 'Japan', 'Kakogawachō-honmachi', 'Northview', 27, 39);
insert into residencia (id, pais, ciudad, calle, numero, piloto_id) values (24, 'Norway', 'Kristiansand S', 'Mallard', 132, 25);
insert into residencia (id, pais, ciudad, calle, numero, piloto_id) values (25, 'Egypt', 'Port Said', 'Bonner', 46, 38);
insert into residencia (id, pais, ciudad, calle, numero, piloto_id) values (26, 'Czech Republic', 'Kněžpole', 'Nancy', 94, 30);
insert into residencia (id, pais, ciudad, calle, numero, piloto_id) values (27, 'Portugal', 'Carnaxide', 'Washington', 17, 42);
insert into residencia (id, pais, ciudad, calle, numero, piloto_id) values (28, 'Thailand', 'Ban Tak', 'Kedzie', 106, 15);
insert into residencia (id, pais, ciudad, calle, numero, piloto_id) values (29, 'Greece', 'Antíparos', 'Longview', 33, 22);
insert into residencia (id, pais, ciudad, calle, numero, piloto_id) values (30, 'Ecuador', 'Ibarra', 'Service', 60, 33);
insert into residencia (id, pais, ciudad, calle, numero, piloto_id) values (31, 'Tajikistan', 'Bŭstonqal’a', 'Glendale', 63, 39);
insert into residencia (id, pais, ciudad, calle, numero, piloto_id) values (32, 'Iran', 'Ahar', '4th', 64, 10);
insert into residencia (id, pais, ciudad, calle, numero, piloto_id) values (33, 'China', 'Heihe', 'Mayer', 3, 2);
insert into residencia (id, pais, ciudad, calle, numero, piloto_id) values (34, 'China', 'Lidong', 'Burning Wood', 25, 42);
insert into residencia (id, pais, ciudad, calle, numero, piloto_id) values (35, 'Philippines', 'Compostela', 'Cardinal', 35, 37);
insert into residencia (id, pais, ciudad, calle, numero, piloto_id) values (36, 'Netherlands', 'Den Haag', 'Northwestern', 87, 4);
insert into residencia (id, pais, ciudad, calle, numero, piloto_id) values (37, 'Uzbekistan', 'Gagarin', 'Browning', 95, 23);
insert into residencia (id, pais, ciudad, calle, numero, piloto_id) values (38, 'South Sudan', 'Tambura', 'Golf Course', 38, 27);
insert into residencia (id, pais, ciudad, calle, numero, piloto_id) values (39, 'Nigeria', 'Kumagunnam', 'South', 38, 45);
insert into residencia (id, pais, ciudad, calle, numero, piloto_id) values (40, 'Portugal', 'Barrunchal', 'Sauthoff', 139, 2);
insert into residencia (id, pais, ciudad, calle, numero, piloto_id) values (41, 'Russia', 'Solnechnyy', 'Killdeer', 1, 32);
insert into residencia (id, pais, ciudad, calle, numero, piloto_id) values (42, 'Poland', 'Bełsznica', 'Express', 33, 27);
insert into residencia (id, pais, ciudad, calle, numero, piloto_id) values (43, 'Democratic Republic of the Congo', 'Bolobo', 'Dexter', 12, 14);
insert into residencia (id, pais, ciudad, calle, numero, piloto_id) values (44, 'Zambia', 'Mwense', 'Redwing', 69, 16);
insert into residencia (id, pais, ciudad, calle, numero, piloto_id) values (45, 'Kenya', 'Homa Bay', 'Burrows', 88, 5);
insert into residencia (id, pais, ciudad, calle, numero, piloto_id) values (46, 'China', 'Huaizhong', 'Farragut', 6, 1);
insert into residencia (id, pais, ciudad, calle, numero, piloto_id) values (47, 'Brazil', 'Lavras', 'Golf Course', 127, 29);
insert into residencia (id, pais, ciudad, calle, numero, piloto_id) values (48, 'Russia', 'Klyuchevsk', 'Lotheville', 93, 1);
insert into residencia (id, pais, ciudad, calle, numero, piloto_id) values (49, 'Ukraine', 'Rakiv Lis', 'Corscot', 128, 35);
insert into residencia (id, pais, ciudad, calle, numero, piloto_id) values (50, 'Argentina', 'General Levalle', 'Cambridge', 115, 4);
insert into residencia (id, pais, ciudad, calle, numero, piloto_id) values (51, 'Nicaragua', 'Bluefields', 'Jackson', 71, 34);
insert into residencia (id, pais, ciudad, calle, numero, piloto_id) values (52, 'China', 'Dongmaku', 'Holy Cross', 47, 14);
insert into residencia (id, pais, ciudad, calle, numero, piloto_id) values (53, 'China', 'Gaojialing', 'Dovetail', 64, 17);
insert into residencia (id, pais, ciudad, calle, numero, piloto_id) values (54, 'China', 'Ala', 'Marcy', 139, 30);
insert into residencia (id, pais, ciudad, calle, numero, piloto_id) values (55, 'China', 'Ditang', 'Dovetail', 35, 29);
insert into residencia (id, pais, ciudad, calle, numero, piloto_id) values (56, 'Philippines', 'Maloco', 'Meadow Valley', 51, 11);
insert into residencia (id, pais, ciudad, calle, numero, piloto_id) values (57, 'China', 'Beicang', 'Pearson', 73, 32);
insert into residencia (id, pais, ciudad, calle, numero, piloto_id) values (58, 'China', 'Baima', 'Meadow Ridge', 7, 5);
insert into residencia (id, pais, ciudad, calle, numero, piloto_id) values (59, 'China', 'Shantoudian', 'Tennessee', 138, 42);
insert into residencia (id, pais, ciudad, calle, numero, piloto_id) values (60, 'China', 'Yongjiang', 'Bay', 147, 34);
insert into residencia (id, pais, ciudad, calle, numero, piloto_id) values (61, 'Russia', 'Baryshevo', 'Claremont', 73, 40);
insert into residencia (id, pais, ciudad, calle, numero, piloto_id) values (62, 'China', 'Siqiao', 'Gerald', 89, 4);
insert into residencia (id, pais, ciudad, calle, numero, piloto_id) values (63, 'China', 'Chencun', 'Monterey', 146, 20);
insert into residencia (id, pais, ciudad, calle, numero, piloto_id) values (64, 'South Korea', 'Reiko', 'Fordem', 107, 42);
insert into residencia (id, pais, ciudad, calle, numero, piloto_id) values (65, 'China', 'Xinkai', 'Shoshone', 126, 2);
insert into residencia (id, pais, ciudad, calle, numero, piloto_id) values (66, 'Argentina', 'Río Grande', 'Kim', 18, 8);
insert into residencia (id, pais, ciudad, calle, numero, piloto_id) values (67, 'China', 'Xianxi', 'Lien', 37, 15);
insert into residencia (id, pais, ciudad, calle, numero, piloto_id) values (68, 'Portugal', 'Arnoia', 'Harbort', 98, 5);
insert into residencia (id, pais, ciudad, calle, numero, piloto_id) values (69, 'South Africa', 'Bultfontein', 'Anzinger', 116, 2);
insert into residencia (id, pais, ciudad, calle, numero, piloto_id) values (70, 'Syria', 'Ţayyibat al Imām', 'Sugar', 106, 8);
insert into residencia (id, pais, ciudad, calle, numero, piloto_id) values (71, 'China', 'Da’anshan', 'Jay', 31, 14);
insert into residencia (id, pais, ciudad, calle, numero, piloto_id) values (72, 'Portugal', 'Rio Covo', 'Lighthouse Bay', 48, 1);
insert into residencia (id, pais, ciudad, calle, numero, piloto_id) values (73, 'Russia', 'Dmitriyevskaya', 'Sunfield', 86, 17);
insert into residencia (id, pais, ciudad, calle, numero, piloto_id) values (74, 'Russia', 'Talnakh', 'Prairie Rose', 101, 28);
insert into residencia (id, pais, ciudad, calle, numero, piloto_id) values (75, 'China', 'Xiaotang', 'Hazelcrest', 77, 24);
insert into residencia (id, pais, ciudad, calle, numero, piloto_id) values (76, 'Germany', 'Dortmund', 'Parkside', 41, 16);
insert into residencia (id, pais, ciudad, calle, numero, piloto_id) values (77, 'France', 'Altkirch', 'Wayridge', 27, 3);
insert into residencia (id, pais, ciudad, calle, numero, piloto_id) values (78, 'Cyprus', 'Sotíra', 'Holmberg', 129, 38);
insert into residencia (id, pais, ciudad, calle, numero, piloto_id) values (79, 'China', 'Lidong', 'Lien', 40, 8);
insert into residencia (id, pais, ciudad, calle, numero, piloto_id) values (80, 'Madagascar', 'Antananarivo', 'Elmside', 96, 45);
insert into residencia (id, pais, ciudad, calle, numero, piloto_id) values (81, 'Cameroon', 'Kribi', 'Sachtjen', 38, 12);
insert into residencia (id, pais, ciudad, calle, numero, piloto_id) values (82, 'Russia', 'Ostashkov', 'Muir', 77, 31);
insert into residencia (id, pais, ciudad, calle, numero, piloto_id) values (83, 'Sweden', 'Trollhättan', 'Menomonie', 124, 33);
insert into residencia (id, pais, ciudad, calle, numero, piloto_id) values (84, 'Colombia', 'Río de Oro', 'Mariners Cove', 115, 44);
insert into residencia (id, pais, ciudad, calle, numero, piloto_id) values (85, 'Costa Rica', 'Chacarita', 'Stoughton', 15, 45);
insert into residencia (id, pais, ciudad, calle, numero, piloto_id) values (86, 'Indonesia', 'Setonokalong', 'Badeau', 2, 26);
insert into residencia (id, pais, ciudad, calle, numero, piloto_id) values (87, 'Pakistan', 'Chak', 'Chinook', 21, 8);
insert into residencia (id, pais, ciudad, calle, numero, piloto_id) values (88, 'China', 'Sanxi', 'Spenser', 147, 19);
insert into residencia (id, pais, ciudad, calle, numero, piloto_id) values (89, 'Pakistan', 'Thatta', 'Kropf', 75, 11);
insert into residencia (id, pais, ciudad, calle, numero, piloto_id) values (90, 'Sweden', 'Norrköping', 'Armistice', 74, 4);
insert into residencia (id, pais, ciudad, calle, numero, piloto_id) values (91, 'Serbia', 'Čajetina', 'Mitchell', 68, 22);
insert into residencia (id, pais, ciudad, calle, numero, piloto_id) values (92, 'China', 'Chenhu', 'Graceland', 141, 8);
insert into residencia (id, pais, ciudad, calle, numero, piloto_id) values (93, 'Brazil', 'Sobradinho', 'Darwin', 79, 19);
insert into residencia (id, pais, ciudad, calle, numero, piloto_id) values (94, 'Sweden', 'Haninge', 'Springview', 57, 34);
insert into residencia (id, pais, ciudad, calle, numero, piloto_id) values (95, 'Sweden', 'Stockholm', 'Bunker Hill', 13, 19);
insert into residencia (id, pais, ciudad, calle, numero, piloto_id) values (96, 'Ukraine', 'Vyshneve', 'Red Cloud', 54, 45);
insert into residencia (id, pais, ciudad, calle, numero, piloto_id) values (97, 'Indonesia', 'Tegalbuleud', 'Haas', 23, 30);
insert into residencia (id, pais, ciudad, calle, numero, piloto_id) values (98, 'China', 'Xindian', 'Norway Maple', 4, 12);
insert into residencia (id, pais, ciudad, calle, numero, piloto_id) values (99, 'Brazil', 'Miguel Calmon', 'Graceland', 57, 20);
insert into residencia (id, pais, ciudad, calle, numero, piloto_id) values (100, 'China', 'Huaxijie', 'Ruskin', 117, 29);
insert into residencia (id, pais, ciudad, calle, numero, piloto_id) values (101, 'Georgia', 'Akhaltsikhe', 'Menomonie', 139, 34);
insert into residencia (id, pais, ciudad, calle, numero, piloto_id) values (102, 'Indonesia', 'Lebak', 'Portage', 139, 31);
insert into residencia (id, pais, ciudad, calle, numero, piloto_id) values (103, 'Russia', 'Volodarsk', 'Melody', 90, 21);
insert into residencia (id, pais, ciudad, calle, numero, piloto_id) values (104, 'Japan', 'Ikeda', 'Pearson', 127, 23);
insert into residencia (id, pais, ciudad, calle, numero, piloto_id) values (105, 'Canada', 'Lacolle', 'Rockefeller', 102, 11);
insert into residencia (id, pais, ciudad, calle, numero, piloto_id) values (106, 'Indonesia', 'Tualangcut', 'Marcy', 15, 20);
insert into residencia (id, pais, ciudad, calle, numero, piloto_id) values (107, 'China', 'Nanlu', 'Moulton', 134, 3);
insert into residencia (id, pais, ciudad, calle, numero, piloto_id) values (108, 'Poland', 'Jadowniki Mokre', 'Buell', 72, 30);
insert into residencia (id, pais, ciudad, calle, numero, piloto_id) values (109, 'Ecuador', 'Calceta', 'Coolidge', 29, 36);
insert into residencia (id, pais, ciudad, calle, numero, piloto_id) values (110, 'Canada', 'Canmore', 'American Ash', 74, 17);
insert into residencia (id, pais, ciudad, calle, numero, piloto_id) values (111, 'Panama', 'Los Lotes', 'Morningstar', 138, 13);
insert into residencia (id, pais, ciudad, calle, numero, piloto_id) values (112, 'United States', 'Austin', 'Upham', 83, 4);
insert into residencia (id, pais, ciudad, calle, numero, piloto_id) values (113, 'France', 'Rennes', 'Reindahl', 42, 44);
insert into residencia (id, pais, ciudad, calle, numero, piloto_id) values (114, 'China', 'Shache', 'Pierstorff', 55, 43);
insert into residencia (id, pais, ciudad, calle, numero, piloto_id) values (115, 'China', 'Qishui', 'Lyons', 54, 9);
insert into residencia (id, pais, ciudad, calle, numero, piloto_id) values (116, 'China', 'Gaibei', 'Lakewood', 6, 41);
insert into residencia (id, pais, ciudad, calle, numero, piloto_id) values (117, 'Russia', 'Kanashevo', 'Artisan', 134, 7);
insert into residencia (id, pais, ciudad, calle, numero, piloto_id) values (118, 'France', 'Paris 02', 'Debra', 121, 25);
insert into residencia (id, pais, ciudad, calle, numero, piloto_id) values (119, 'United States', 'Pasadena', 'Oriole', 148, 35);
insert into residencia (id, pais, ciudad, calle, numero, piloto_id) values (120, 'China', 'Changdai', 'Debra', 33, 38);
insert into residencia (id, pais, ciudad, calle, numero, piloto_id) values (121, 'United States', 'Milwaukee', 'Bobwhite', 50, 45);
insert into residencia (id, pais, ciudad, calle, numero, piloto_id) values (122, 'Philippines', 'Ilihan', 'Mockingbird', 147, 22);
insert into residencia (id, pais, ciudad, calle, numero, piloto_id) values (123, 'Russia', 'Verkhniye Achaluki', 'Continental', 76, 13);
insert into residencia (id, pais, ciudad, calle, numero, piloto_id) values (124, 'Indonesia', 'Laranganglintong', 'Bunker Hill', 5, 39);
insert into residencia (id, pais, ciudad, calle, numero, piloto_id) values (125, 'Canada', 'Port Moody', 'Monument', 17, 32);
insert into residencia (id, pais, ciudad, calle, numero, piloto_id) values (126, 'Greece', 'Kalloní', 'Westridge', 1, 44);
insert into residencia (id, pais, ciudad, calle, numero, piloto_id) values (127, 'Colombia', 'Almaguer', 'Vahlen', 32, 28);
insert into residencia (id, pais, ciudad, calle, numero, piloto_id) values (128, 'China', 'Baoquanshan', 'Waxwing', 119, 7);
insert into residencia (id, pais, ciudad, calle, numero, piloto_id) values (129, 'Vietnam', 'Phong Điền', 'Old Gate', 41, 35);
insert into residencia (id, pais, ciudad, calle, numero, piloto_id) values (130, 'Nigeria', 'Anka', 'Thierer', 107, 26);
insert into residencia (id, pais, ciudad, calle, numero, piloto_id) values (131, 'Yemen', 'Dār an Naşr', 'Caliangt', 50, 17);
insert into residencia (id, pais, ciudad, calle, numero, piloto_id) values (132, 'China', 'Taihe', 'Dwight', 71, 42);
insert into residencia (id, pais, ciudad, calle, numero, piloto_id) values (133, 'Philippines', 'Calabaca', 'Logan', 67, 43);
insert into residencia (id, pais, ciudad, calle, numero, piloto_id) values (134, 'Bosnia and Herzegovina', 'Koran', 'Trailsway', 130, 13);
insert into residencia (id, pais, ciudad, calle, numero, piloto_id) values (135, 'Kenya', 'Lodwar', 'Glacier Hill', 3, 11);
insert into residencia (id, pais, ciudad, calle, numero, piloto_id) values (136, 'France', 'Sophia Antipolis', 'Susan', 81, 8);
insert into residencia (id, pais, ciudad, calle, numero, piloto_id) values (137, 'Zambia', 'Kawambwa', 'Kim', 45, 9);
insert into residencia (id, pais, ciudad, calle, numero, piloto_id) values (138, 'Czech Republic', 'Želešice', 'Stone Corner', 45, 1);
insert into residencia (id, pais, ciudad, calle, numero, piloto_id) values (139, 'China', 'Zuobude', 'Tennyson', 119, 43);
insert into residencia (id, pais, ciudad, calle, numero, piloto_id) values (140, 'Austria', 'Wien', 'Johnson', 78, 19);
insert into residencia (id, pais, ciudad, calle, numero, piloto_id) values (141, 'China', 'Jinping', 'Shelley', 131, 39);
insert into residencia (id, pais, ciudad, calle, numero, piloto_id) values (142, 'Norway', 'Oslo', 'Loeprich', 48, 1);
insert into residencia (id, pais, ciudad, calle, numero, piloto_id) values (143, 'Haiti', 'Acul du Nord', 'Fairview', 147, 3);
insert into residencia (id, pais, ciudad, calle, numero, piloto_id) values (144, 'Canada', 'Logan Lake', 'Lawn', 21, 22);
insert into residencia (id, pais, ciudad, calle, numero, piloto_id) values (145, 'Poland', 'Skwierzyna', 'Tony', 2, 40);
insert into residencia (id, pais, ciudad, calle, numero, piloto_id) values (146, 'China', 'Sanjie', 'Independence', 4, 44);
insert into residencia (id, pais, ciudad, calle, numero, piloto_id) values (147, 'China', 'Lianshi', 'Waxwing', 63, 42);
insert into residencia (id, pais, ciudad, calle, numero, piloto_id) values (148, 'United States', 'Los Angeles', 'Loftsgordon', 44, 21);
insert into residencia (id, pais, ciudad, calle, numero, piloto_id) values (149, 'United States', 'Dallas', 'Waywood', 17, 35);
insert into residencia (id, pais, ciudad, calle, numero, piloto_id) values (150, 'Brazil', 'Sirinhaém', 'Sundown', 73, 33);
insert into residencia (id, pais, ciudad, calle, numero, piloto_id) values (151, 'China', 'Yukou', 'Crowley', 138, 33);
insert into residencia (id, pais, ciudad, calle, numero, piloto_id) values (152, 'Nigeria', 'Ngala', 'Warner', 135, 28);
insert into residencia (id, pais, ciudad, calle, numero, piloto_id) values (153, 'Canada', 'Timmins', 'Fuller', 39, 21);
insert into residencia (id, pais, ciudad, calle, numero, piloto_id) values (154, 'Belarus', 'Haradzyeya', 'Rockefeller', 55, 4);
insert into residencia (id, pais, ciudad, calle, numero, piloto_id) values (155, 'Indonesia', 'Leworook', 'Loomis', 95, 19);
insert into residencia (id, pais, ciudad, calle, numero, piloto_id) values (156, 'Germany', 'Köln', 'Lakeland', 86, 3);
insert into residencia (id, pais, ciudad, calle, numero, piloto_id) values (157, 'Venezuela', 'Pampanito', 'Bultman', 46, 34);
insert into residencia (id, pais, ciudad, calle, numero, piloto_id) values (158, 'Vietnam', 'Thị Trấn Mường Khương', 'Thompson', 38, 19);
insert into residencia (id, pais, ciudad, calle, numero, piloto_id) values (159, 'Japan', 'Karasuyama', 'Waubesa', 57, 14);
insert into residencia (id, pais, ciudad, calle, numero, piloto_id) values (160, 'Russia', 'Yaroslavl', 'Hintze', 146, 34);
insert into residencia (id, pais, ciudad, calle, numero, piloto_id) values (161, 'Costa Rica', 'Purral', 'Nevada', 134, 31);
insert into residencia (id, pais, ciudad, calle, numero, piloto_id) values (162, 'Peru', 'Mancos', 'Pawling', 97, 41);
insert into residencia (id, pais, ciudad, calle, numero, piloto_id) values (163, 'Honduras', 'El Perico', 'Wayridge', 93, 39);
insert into residencia (id, pais, ciudad, calle, numero, piloto_id) values (164, 'Philippines', 'Calabugao', 'South', 101, 23);
insert into residencia (id, pais, ciudad, calle, numero, piloto_id) values (165, 'Belarus', 'Narowlya', 'Hayes', 140, 42);
insert into residencia (id, pais, ciudad, calle, numero, piloto_id) values (166, 'Mongolia', 'Sangiyn Dalay', 'Fremont', 113, 18);
insert into residencia (id, pais, ciudad, calle, numero, piloto_id) values (167, 'France', 'Évry', 'Farwell', 61, 1);
insert into residencia (id, pais, ciudad, calle, numero, piloto_id) values (168, 'Indonesia', 'Batugede Kulon', 'Goodland', 130, 8);
insert into residencia (id, pais, ciudad, calle, numero, piloto_id) values (169, 'Venezuela', 'Maripa', 'High Crossing', 146, 45);
insert into residencia (id, pais, ciudad, calle, numero, piloto_id) values (170, 'China', 'Wenshui', 'Duke', 139, 5);
insert into residencia (id, pais, ciudad, calle, numero, piloto_id) values (171, 'Finland', 'Kristinestad', 'Badeau', 69, 26);
insert into residencia (id, pais, ciudad, calle, numero, piloto_id) values (172, 'Peru', 'Ayacucho', 'Rieder', 69, 36);
insert into residencia (id, pais, ciudad, calle, numero, piloto_id) values (173, 'China', 'Huatanshan', 'Canary', 35, 4);
insert into residencia (id, pais, ciudad, calle, numero, piloto_id) values (174, 'Colombia', 'La Estrella', 'Straubel', 60, 27);
insert into residencia (id, pais, ciudad, calle, numero, piloto_id) values (175, 'Mongolia', 'Bayanhoshuu', 'Green Ridge', 96, 25);
insert into residencia (id, pais, ciudad, calle, numero, piloto_id) values (176, 'Indonesia', 'Bayuwan', 'Center', 69, 13);
insert into residencia (id, pais, ciudad, calle, numero, piloto_id) values (177, 'Dominican Republic', 'Fantino', 'Anderson', 80, 26);
insert into residencia (id, pais, ciudad, calle, numero, piloto_id) values (178, 'Finland', 'Artjärvi', 'Autumn Leaf', 120, 25);
insert into residencia (id, pais, ciudad, calle, numero, piloto_id) values (179, 'Liberia', 'Robertsport', 'Pine View', 88, 13);
insert into residencia (id, pais, ciudad, calle, numero, piloto_id) values (180, 'China', 'Yujin', 'Maywood', 138, 10);
insert into residencia (id, pais, ciudad, calle, numero, piloto_id) values (181, 'China', 'Xiangjia', 'Lighthouse Bay', 101, 20);
insert into residencia (id, pais, ciudad, calle, numero, piloto_id) values (182, 'Philippines', 'Pulo', 'Shasta', 107, 25);
insert into residencia (id, pais, ciudad, calle, numero, piloto_id) values (183, 'Russia', 'Yoshkar-Ola', 'Cottonwood', 13, 16);
insert into residencia (id, pais, ciudad, calle, numero, piloto_id) values (184, 'Indonesia', 'Babah Rot', 'Delaware', 91, 19);
insert into residencia (id, pais, ciudad, calle, numero, piloto_id) values (185, 'Nigeria', 'Saki', 'Moose', 121, 32);
insert into residencia (id, pais, ciudad, calle, numero, piloto_id) values (186, 'Czech Republic', 'Klášter', 'Fulton', 108, 24);
insert into residencia (id, pais, ciudad, calle, numero, piloto_id) values (187, 'Brazil', 'Itacarambi', 'Coolidge', 100, 31);
insert into residencia (id, pais, ciudad, calle, numero, piloto_id) values (188, 'Japan', 'Maki', 'Hudson', 61, 24);
insert into residencia (id, pais, ciudad, calle, numero, piloto_id) values (189, 'China', 'Xazgat', 'Acker', 107, 45);
insert into residencia (id, pais, ciudad, calle, numero, piloto_id) values (190, 'Indonesia', 'Pancanagara', 'Nevada', 41, 42);
insert into residencia (id, pais, ciudad, calle, numero, piloto_id) values (191, 'Syria', '‘Ayn al ‘Arab', 'Artisan', 113, 14);
insert into residencia (id, pais, ciudad, calle, numero, piloto_id) values (192, 'Russia', 'Karakulino', 'Armistice', 26, 18);
insert into residencia (id, pais, ciudad, calle, numero, piloto_id) values (193, 'Honduras', 'San José', 'Helena', 138, 4);
insert into residencia (id, pais, ciudad, calle, numero, piloto_id) values (194, 'China', 'Zhongshan Donglu', 'Fieldstone', 6, 30);
insert into residencia (id, pais, ciudad, calle, numero, piloto_id) values (195, 'Ukraine', 'Budy', 'Novick', 93, 41);
insert into residencia (id, pais, ciudad, calle, numero, piloto_id) values (196, 'United States', 'Battle Creek', 'Village', 95, 9);
insert into residencia (id, pais, ciudad, calle, numero, piloto_id) values (197, 'China', 'Jiangxigou', 'Northfield', 107, 36);
insert into residencia (id, pais, ciudad, calle, numero, piloto_id) values (198, 'Cuba', 'Río Guayabal de Yateras', 'Hayes', 19, 13);
insert into residencia (id, pais, ciudad, calle, numero, piloto_id) values (199, 'Paraguay', 'San Juan Bautista', 'Westridge', 49, 24);
insert into residencia (id, pais, ciudad, calle, numero, piloto_id) values (200, 'Czech Republic', 'Kašperské Hory', 'Graceland', 21, 9);
insert into residencia (id, pais, ciudad, calle, numero, piloto_id) values (201, 'Philippines', 'Milagros', 'Thackeray', 137, 12);
insert into residencia (id, pais, ciudad, calle, numero, piloto_id) values (202, 'Ukraine', 'Vynohradivka', 'Montana', 34, 19);
insert into residencia (id, pais, ciudad, calle, numero, piloto_id) values (203, 'Indonesia', 'Kebon', 'Warner', 20, 12);
insert into residencia (id, pais, ciudad, calle, numero, piloto_id) values (204, 'China', 'Ningxin', 'Ilene', 102, 29);
insert into residencia (id, pais, ciudad, calle, numero, piloto_id) values (205, 'Portugal', 'Odeleite', 'Dexter', 90, 2);
insert into residencia (id, pais, ciudad, calle, numero, piloto_id) values (206, 'Sweden', 'Helsingborg', 'Manley', 59, 45);
insert into residencia (id, pais, ciudad, calle, numero, piloto_id) values (207, 'Poland', 'Bełk', 'Ilene', 15, 26);
insert into residencia (id, pais, ciudad, calle, numero, piloto_id) values (208, 'Argentina', 'Calilegua', 'Westport', 117, 28);
insert into residencia (id, pais, ciudad, calle, numero, piloto_id) values (209, 'Poland', 'Hornówek', 'David', 135, 9);
insert into residencia (id, pais, ciudad, calle, numero, piloto_id) values (210, 'Israel', 'Kafr Mandā', 'Melody', 142, 40);
insert into residencia (id, pais, ciudad, calle, numero, piloto_id) values (211, 'Indonesia', 'Darma', 'Lyons', 131, 12);
insert into residencia (id, pais, ciudad, calle, numero, piloto_id) values (212, 'Azerbaijan', 'Imishli', 'Hanson', 134, 8);
insert into residencia (id, pais, ciudad, calle, numero, piloto_id) values (213, 'Thailand', 'Tha Mai', 'Pearson', 92, 22);
insert into residencia (id, pais, ciudad, calle, numero, piloto_id) values (214, 'Poland', 'Zbąszyń', 'Grover', 106, 21);
insert into residencia (id, pais, ciudad, calle, numero, piloto_id) values (215, 'Portugal', 'São Bartolomeu', 'South', 116, 13);
insert into residencia (id, pais, ciudad, calle, numero, piloto_id) values (216, 'Thailand', 'Trakan Phut Phon', 'Clemons', 115, 5);
insert into residencia (id, pais, ciudad, calle, numero, piloto_id) values (217, 'Uzbekistan', 'Kyzyldzhar', 'Mockingbird', 91, 40);
insert into residencia (id, pais, ciudad, calle, numero, piloto_id) values (218, 'United States', 'Fresno', 'Eastwood', 114, 43);
insert into residencia (id, pais, ciudad, calle, numero, piloto_id) values (219, 'China', 'Qiankou', 'Hauk', 47, 12);
insert into residencia (id, pais, ciudad, calle, numero, piloto_id) values (220, 'Indonesia', 'Palangan', 'Cambridge', 46, 15);
insert into residencia (id, pais, ciudad, calle, numero, piloto_id) values (221, 'Venezuela', 'El Pao', 'Derek', 35, 39);
insert into residencia (id, pais, ciudad, calle, numero, piloto_id) values (222, 'China', 'Hongsi', 'Victoria', 5, 31);
insert into residencia (id, pais, ciudad, calle, numero, piloto_id) values (223, 'Sweden', 'Stenungsund', 'Dunning', 139, 3);
insert into residencia (id, pais, ciudad, calle, numero, piloto_id) values (224, 'Malaysia', 'Ipoh', 'Calypso', 59, 19);
insert into residencia (id, pais, ciudad, calle, numero, piloto_id) values (225, 'China', 'Xinkai', 'Eagan', 22, 19);
insert into residencia (id, pais, ciudad, calle, numero, piloto_id) values (226, 'China', 'Yong’an', 'Green Ridge', 17, 25);
insert into residencia (id, pais, ciudad, calle, numero, piloto_id) values (227, 'Philippines', 'Sugcad', 'American', 145, 4);
insert into residencia (id, pais, ciudad, calle, numero, piloto_id) values (228, 'Portugal', 'Ferreiras', 'Graedel', 66, 20);
insert into residencia (id, pais, ciudad, calle, numero, piloto_id) values (229, 'Indonesia', 'Jetis', 'Lukken', 63, 36);
insert into residencia (id, pais, ciudad, calle, numero, piloto_id) values (230, 'Thailand', 'Saba Yoi', 'High Crossing', 142, 32);
insert into residencia (id, pais, ciudad, calle, numero, piloto_id) values (231, 'Philippines', 'Pantijan No 2', 'Melody', 84, 34);
insert into residencia (id, pais, ciudad, calle, numero, piloto_id) values (232, 'Greece', 'Skoútari', 'Weeping Birch', 23, 22);
insert into residencia (id, pais, ciudad, calle, numero, piloto_id) values (233, 'Mongolia', 'Haylaastay', 'Shasta', 48, 30);
insert into residencia (id, pais, ciudad, calle, numero, piloto_id) values (234, 'China', 'Chumen', 'Jana', 2, 5);
insert into residencia (id, pais, ciudad, calle, numero, piloto_id) values (235, 'Russia', 'Zavitinsk', 'Arizona', 47, 20);
insert into residencia (id, pais, ciudad, calle, numero, piloto_id) values (236, 'Brazil', 'Penha', 'Northport', 29, 8);
insert into residencia (id, pais, ciudad, calle, numero, piloto_id) values (237, 'Argentina', 'Valcheta', 'Shopko', 77, 39);
insert into residencia (id, pais, ciudad, calle, numero, piloto_id) values (238, 'Russia', 'Yantal’', 'Harper', 53, 12);
insert into residencia (id, pais, ciudad, calle, numero, piloto_id) values (239, 'Indonesia', 'Cigagade', 'Elmside', 83, 43);
insert into residencia (id, pais, ciudad, calle, numero, piloto_id) values (240, 'China', 'Jianling', 'Memorial', 42, 6);
insert into residencia (id, pais, ciudad, calle, numero, piloto_id) values (241, 'China', 'Huyang', 'Elmside', 107, 18);
insert into residencia (id, pais, ciudad, calle, numero, piloto_id) values (242, 'Czech Republic', 'Náchod', 'Mcbride', 46, 15);
insert into residencia (id, pais, ciudad, calle, numero, piloto_id) values (243, 'China', 'Dianqian', 'Farragut', 108, 15);
insert into residencia (id, pais, ciudad, calle, numero, piloto_id) values (244, 'Philippines', 'Culianin', 'Fisk', 25, 24);
insert into residencia (id, pais, ciudad, calle, numero, piloto_id) values (245, 'Japan', 'Sayama', 'Holy Cross', 116, 38);
insert into residencia (id, pais, ciudad, calle, numero, piloto_id) values (246, 'Brazil', 'Coronel Vivida', 'Mifflin', 140, 36);
insert into residencia (id, pais, ciudad, calle, numero, piloto_id) values (247, 'Finland', 'Vilppula', 'Dovetail', 126, 21);
insert into residencia (id, pais, ciudad, calle, numero, piloto_id) values (248, 'Greece', 'Patitírion', 'Nobel', 22, 17);
insert into residencia (id, pais, ciudad, calle, numero, piloto_id) values (249, 'United States', 'Alexandria', 'Rutledge', 108, 25);
insert into residencia (id, pais, ciudad, calle, numero, piloto_id) values (250, 'Finland', 'Kirkkonummi', 'Little Fleur', 136, 3);
insert into residencia (id, pais, ciudad, calle, numero, piloto_id) values (251, 'Indonesia', 'Muara Siberut', 'Sunnyside', 116, 18);
insert into residencia (id, pais, ciudad, calle, numero, piloto_id) values (252, 'Yemen', 'Tarīm', 'Pleasure', 39, 31);
insert into residencia (id, pais, ciudad, calle, numero, piloto_id) values (253, 'China', 'Hongdun', 'Kipling', 76, 43);
insert into residencia (id, pais, ciudad, calle, numero, piloto_id) values (254, 'Indonesia', 'Duang', 'Warbler', 108, 30);
insert into residencia (id, pais, ciudad, calle, numero, piloto_id) values (255, 'Nepal', 'Sirāhā', 'Monument', 102, 3);
insert into residencia (id, pais, ciudad, calle, numero, piloto_id) values (256, 'Philippines', 'Manamrag', 'Boyd', 139, 34);
insert into residencia (id, pais, ciudad, calle, numero, piloto_id) values (257, 'Brazil', 'Paulista', 'Elmside', 33, 27);
insert into residencia (id, pais, ciudad, calle, numero, piloto_id) values (258, 'Russia', 'Gornyy', 'Talmadge', 100, 17);
insert into residencia (id, pais, ciudad, calle, numero, piloto_id) values (259, 'Indonesia', 'Tempursari Wetan', 'Sage', 86, 13);
insert into residencia (id, pais, ciudad, calle, numero, piloto_id) values (260, 'China', 'Douba', 'Autumn Leaf', 56, 41);
insert into residencia (id, pais, ciudad, calle, numero, piloto_id) values (261, 'Sweden', 'Karlskrona', 'Dakota', 67, 42);
insert into residencia (id, pais, ciudad, calle, numero, piloto_id) values (262, 'Mexico', 'Buenavista', 'Bartelt', 23, 10);
insert into residencia (id, pais, ciudad, calle, numero, piloto_id) values (263, 'Russia', 'Glubokiy', 'Paget', 60, 17);
insert into residencia (id, pais, ciudad, calle, numero, piloto_id) values (264, 'Kazakhstan', 'Energeticheskiy', 'Bobwhite', 79, 31);
insert into residencia (id, pais, ciudad, calle, numero, piloto_id) values (265, 'Poland', 'Legionowo', 'Schurz', 127, 36);
insert into residencia (id, pais, ciudad, calle, numero, piloto_id) values (266, 'Indonesia', 'Sidoaji', 'Dakota', 1, 19);
insert into residencia (id, pais, ciudad, calle, numero, piloto_id) values (267, 'Brazil', 'Pancas', 'Golf Course', 82, 43);
insert into residencia (id, pais, ciudad, calle, numero, piloto_id) values (268, 'China', 'Guohe', 'Elmside', 142, 27);
insert into residencia (id, pais, ciudad, calle, numero, piloto_id) values (269, 'Indonesia', 'Palenggihan', 'Anzinger', 126, 13);
insert into residencia (id, pais, ciudad, calle, numero, piloto_id) values (270, 'China', 'Dartang', 'Katie', 64, 15);
insert into residencia (id, pais, ciudad, calle, numero, piloto_id) values (271, 'Philippines', 'Valencia', 'Sloan', 132, 3);
insert into residencia (id, pais, ciudad, calle, numero, piloto_id) values (272, 'Portugal', 'Odivelas', 'Delladonna', 126, 40);
insert into residencia (id, pais, ciudad, calle, numero, piloto_id) values (273, 'Philippines', 'Pantijan No 2', 'Crowley', 29, 3);
insert into residencia (id, pais, ciudad, calle, numero, piloto_id) values (274, 'Colombia', 'Ospina', 'Orin', 95, 19);
insert into residencia (id, pais, ciudad, calle, numero, piloto_id) values (275, 'Bhutan', 'Tsirang', 'Sunnyside', 84, 44);
insert into residencia (id, pais, ciudad, calle, numero, piloto_id) values (276, 'Indonesia', 'Kojagete', 'Lunder', 135, 20);
insert into residencia (id, pais, ciudad, calle, numero, piloto_id) values (277, 'France', 'Montpellier', 'Canary', 71, 8);
insert into residencia (id, pais, ciudad, calle, numero, piloto_id) values (278, 'Morocco', 'Taourirt', 'Jay', 139, 11);
insert into residencia (id, pais, ciudad, calle, numero, piloto_id) values (279, 'Netherlands', 'Rosmalen', 'Swallow', 84, 19);
insert into residencia (id, pais, ciudad, calle, numero, piloto_id) values (280, 'San Marino', 'Fiorentino', 'Victoria', 93, 18);
insert into residencia (id, pais, ciudad, calle, numero, piloto_id) values (281, 'Gambia', 'Gunjur Kuta', 'Dorton', 68, 42);
insert into residencia (id, pais, ciudad, calle, numero, piloto_id) values (282, 'Azerbaijan', 'Lökbatan', 'Lerdahl', 79, 22);
insert into residencia (id, pais, ciudad, calle, numero, piloto_id) values (283, 'Greece', 'Erátyra', 'Westport', 8, 27);
insert into residencia (id, pais, ciudad, calle, numero, piloto_id) values (284, 'China', 'Nancang', 'Mayfield', 27, 6);
insert into residencia (id, pais, ciudad, calle, numero, piloto_id) values (285, 'China', 'Dake', 'Linden', 122, 4);
insert into residencia (id, pais, ciudad, calle, numero, piloto_id) values (286, 'Mozambique', 'Maxixe', 'Petterle', 107, 10);
insert into residencia (id, pais, ciudad, calle, numero, piloto_id) values (287, 'Zimbabwe', 'Kadoma', 'Porter', 145, 34);
insert into residencia (id, pais, ciudad, calle, numero, piloto_id) values (288, 'Czech Republic', 'Ronov nad Doubravou', 'Warbler', 2, 11);
insert into residencia (id, pais, ciudad, calle, numero, piloto_id) values (289, 'Czech Republic', 'Dvůr Králové nad Labem', 'Anniversary', 144, 11);
insert into residencia (id, pais, ciudad, calle, numero, piloto_id) values (290, 'Ukraine', 'Kamennyye Potoki', 'Bellgrove', 82, 17);
insert into residencia (id, pais, ciudad, calle, numero, piloto_id) values (291, 'Poland', 'Tomaszów Mazowiecki', 'Hudson', 118, 10);
insert into residencia (id, pais, ciudad, calle, numero, piloto_id) values (292, 'France', 'Saint-Quentin-en-Yvelines', 'Mcbride', 109, 18);
insert into residencia (id, pais, ciudad, calle, numero, piloto_id) values (293, 'Mongolia', 'Örgön', 'Waxwing', 46, 23);
insert into residencia (id, pais, ciudad, calle, numero, piloto_id) values (294, 'China', 'Caoxi', 'Pennsylvania', 22, 8);
insert into residencia (id, pais, ciudad, calle, numero, piloto_id) values (295, 'Brazil', 'Braço do Norte', 'Becker', 66, 1);
insert into residencia (id, pais, ciudad, calle, numero, piloto_id) values (296, 'Indonesia', 'Kiarajangkung', 'Maple Wood', 44, 22);
insert into residencia (id, pais, ciudad, calle, numero, piloto_id) values (297, 'Nicaragua', 'Nueva Guinea', 'Morning', 25, 31);
insert into residencia (id, pais, ciudad, calle, numero, piloto_id) values (298, 'Brazil', 'Colatina', 'Utah', 142, 24);
insert into residencia (id, pais, ciudad, calle, numero, piloto_id) values (299, 'Poland', 'Rybarzowice', 'Longview', 125, 39);
insert into residencia (id, pais, ciudad, calle, numero, piloto_id) values (300, 'Poland', 'Nowa Sól', 'East', 140, 6);
insert into residencia (id, pais, ciudad, calle, numero, piloto_id) values (301, 'Philippines', 'Galimuyod', 'Straubel', 38, 42);
insert into residencia (id, pais, ciudad, calle, numero, piloto_id) values (302, 'Brazil', 'Salto', 'Steensland', 103, 34);
insert into residencia (id, pais, ciudad, calle, numero, piloto_id) values (303, 'Honduras', 'San Jerónimo', 'Fallview', 89, 7);
insert into residencia (id, pais, ciudad, calle, numero, piloto_id) values (304, 'Bosnia and Herzegovina', 'Čelinac', 'Sullivan', 58, 35);
insert into residencia (id, pais, ciudad, calle, numero, piloto_id) values (305, 'Portugal', 'Porto de Mós', 'Basil', 26, 11);
insert into residencia (id, pais, ciudad, calle, numero, piloto_id) values (306, 'Philippines', 'Santo Domingo', 'Green Ridge', 124, 2);
insert into residencia (id, pais, ciudad, calle, numero, piloto_id) values (307, 'Russia', 'Planovskoye', 'Monica', 25, 28);
insert into residencia (id, pais, ciudad, calle, numero, piloto_id) values (308, 'China', 'Dayong', 'Cody', 4, 21);
insert into residencia (id, pais, ciudad, calle, numero, piloto_id) values (309, 'Russia', 'Kuybyshevo', 'Monica', 70, 27);
insert into residencia (id, pais, ciudad, calle, numero, piloto_id) values (310, 'Thailand', 'Mancha Khiri', 'Mayer', 57, 11);
insert into residencia (id, pais, ciudad, calle, numero, piloto_id) values (311, 'Portugal', 'São Pedro', 'Pierstorff', 44, 42);
insert into residencia (id, pais, ciudad, calle, numero, piloto_id) values (312, 'China', 'Xiaojinkou', 'Warrior', 26, 44);
insert into residencia (id, pais, ciudad, calle, numero, piloto_id) values (313, 'Nigeria', 'Badagry', 'Debs', 16, 15);
insert into residencia (id, pais, ciudad, calle, numero, piloto_id) values (314, 'Afghanistan', 'Kafir Qala', 'Kim', 6, 27);
insert into residencia (id, pais, ciudad, calle, numero, piloto_id) values (315, 'China', 'Zhengchang', 'Warrior', 57, 6);
insert into residencia (id, pais, ciudad, calle, numero, piloto_id) values (316, 'Mexico', 'San Francisco', 'Clemons', 48, 12);
insert into residencia (id, pais, ciudad, calle, numero, piloto_id) values (317, 'Laos', 'Thakhèk', 'Tony', 73, 22);
insert into residencia (id, pais, ciudad, calle, numero, piloto_id) values (318, 'Nigeria', 'Jalingo', 'Scott', 78, 10);
insert into residencia (id, pais, ciudad, calle, numero, piloto_id) values (319, 'China', 'Zhumadian', 'Hansons', 5, 19);
insert into residencia (id, pais, ciudad, calle, numero, piloto_id) values (320, 'China', 'Dongshan', 'Columbus', 32, 16);
insert into residencia (id, pais, ciudad, calle, numero, piloto_id) values (321, 'Indonesia', 'Halong', 'Packers', 67, 8);
insert into residencia (id, pais, ciudad, calle, numero, piloto_id) values (322, 'Indonesia', 'Hegarmanah', 'Packers', 100, 12);
insert into residencia (id, pais, ciudad, calle, numero, piloto_id) values (323, 'Senegal', 'Khombole', 'Donald', 43, 13);
insert into residencia (id, pais, ciudad, calle, numero, piloto_id) values (324, 'Russia', 'Balakhninskiy', 'Utah', 82, 1);
insert into residencia (id, pais, ciudad, calle, numero, piloto_id) values (325, 'Indonesia', 'Maae', 'Monument', 147, 34);
insert into residencia (id, pais, ciudad, calle, numero, piloto_id) values (326, 'China', 'Louta', '6th', 108, 16);
insert into residencia (id, pais, ciudad, calle, numero, piloto_id) values (327, 'Indonesia', 'Sumurwaru', 'Grim', 41, 37);
insert into residencia (id, pais, ciudad, calle, numero, piloto_id) values (328, 'Panama', 'La Palma', 'Fisk', 139, 2);
insert into residencia (id, pais, ciudad, calle, numero, piloto_id) values (329, 'Finland', 'Pöytyä', 'Corben', 117, 8);
insert into residencia (id, pais, ciudad, calle, numero, piloto_id) values (330, 'Philippines', 'Sampagar', 'Leroy', 94, 5);
insert into residencia (id, pais, ciudad, calle, numero, piloto_id) values (331, 'Serbia', 'Begejci', 'Graceland', 52, 18);
insert into residencia (id, pais, ciudad, calle, numero, piloto_id) values (332, 'Armenia', 'Buzhakan', 'Boyd', 31, 11);
insert into residencia (id, pais, ciudad, calle, numero, piloto_id) values (333, 'China', 'Pingshui', 'Walton', 80, 15);
insert into residencia (id, pais, ciudad, calle, numero, piloto_id) values (334, 'Philippines', 'Ferrol', 'Kinsman', 109, 7);
insert into residencia (id, pais, ciudad, calle, numero, piloto_id) values (335, 'Armenia', 'Buzhakan', 'Straubel', 47, 9);
insert into residencia (id, pais, ciudad, calle, numero, piloto_id) values (336, 'Indonesia', 'Karangcombong', 'Troy', 133, 9);
insert into residencia (id, pais, ciudad, calle, numero, piloto_id) values (337, 'China', 'Geshan', 'Wayridge', 38, 9);
insert into residencia (id, pais, ciudad, calle, numero, piloto_id) values (338, 'Vietnam', 'Tuy Phước', 'Linden', 3, 6);
insert into residencia (id, pais, ciudad, calle, numero, piloto_id) values (339, 'Bulgaria', 'Yambol', 'Maple Wood', 94, 22);
insert into residencia (id, pais, ciudad, calle, numero, piloto_id) values (340, 'Philippines', 'Santa Fe', 'Fairview', 3, 27);
insert into residencia (id, pais, ciudad, calle, numero, piloto_id) values (341, 'China', 'Dongying', 'Riverside', 113, 28);
insert into residencia (id, pais, ciudad, calle, numero, piloto_id) values (342, 'Mexico', 'Plan de Ayala', 'Elmside', 89, 19);
insert into residencia (id, pais, ciudad, calle, numero, piloto_id) values (343, 'Tunisia', 'El Hamma', 'Roth', 17, 45);
insert into residencia (id, pais, ciudad, calle, numero, piloto_id) values (344, 'Greece', 'Galátsi', 'Farwell', 135, 4);
insert into residencia (id, pais, ciudad, calle, numero, piloto_id) values (345, 'Venezuela', 'Los Rastrojos', 'Linden', 20, 13);
insert into residencia (id, pais, ciudad, calle, numero, piloto_id) values (346, 'Brazil', 'Neópolis', 'Heath', 111, 37);
insert into residencia (id, pais, ciudad, calle, numero, piloto_id) values (347, 'Czech Republic', 'Jakartovice', 'Anzinger', 42, 44);
insert into residencia (id, pais, ciudad, calle, numero, piloto_id) values (348, 'China', 'Maqian', 'Magdeline', 99, 11);
insert into residencia (id, pais, ciudad, calle, numero, piloto_id) values (349, 'Tanzania', 'Mabamba', 'Sundown', 28, 44);
insert into residencia (id, pais, ciudad, calle, numero, piloto_id) values (350, 'Iran', 'Tīrān', 'Mendota', 31, 8);
insert into residencia (id, pais, ciudad, calle, numero, piloto_id) values (351, 'Russia', 'Buguruslan', 'Drewry', 112, 20);
insert into residencia (id, pais, ciudad, calle, numero, piloto_id) values (352, 'Colombia', 'Puerto Boyacá', 'Rowland', 2, 1);
insert into residencia (id, pais, ciudad, calle, numero, piloto_id) values (353, 'China', 'Donghui', 'Grim', 109, 41);
insert into residencia (id, pais, ciudad, calle, numero, piloto_id) values (354, 'United States', 'Houston', 'Sachs', 2, 29);
insert into residencia (id, pais, ciudad, calle, numero, piloto_id) values (355, 'Sweden', 'Helsingborg', 'Stoughton', 45, 15);
insert into residencia (id, pais, ciudad, calle, numero, piloto_id) values (356, 'Indonesia', 'Banjarjo', 'John Wall', 119, 42);
insert into residencia (id, pais, ciudad, calle, numero, piloto_id) values (357, 'Greece', 'Pýli', 'Pankratz', 97, 36);
insert into residencia (id, pais, ciudad, calle, numero, piloto_id) values (358, 'Serbia', 'Sremski Karlovci', 'Goodland', 23, 20);
insert into residencia (id, pais, ciudad, calle, numero, piloto_id) values (359, 'Indonesia', 'Cipadung', 'Farmco', 111, 34);
insert into residencia (id, pais, ciudad, calle, numero, piloto_id) values (360, 'Bulgaria', 'Borovan', 'Mcguire', 73, 34);
insert into residencia (id, pais, ciudad, calle, numero, piloto_id) values (361, 'Brazil', 'Uberaba', 'Gina', 3, 21);
insert into residencia (id, pais, ciudad, calle, numero, piloto_id) values (362, 'Indonesia', 'Haunubenak', 'Dexter', 98, 38);
insert into residencia (id, pais, ciudad, calle, numero, piloto_id) values (363, 'China', 'Yangdian', 'Dixon', 86, 34);
insert into residencia (id, pais, ciudad, calle, numero, piloto_id) values (364, 'Mexico', 'El Porvenir', 'Lunder', 32, 2);
insert into residencia (id, pais, ciudad, calle, numero, piloto_id) values (365, 'Indonesia', 'Bantiran', 'Superior', 137, 41);
insert into residencia (id, pais, ciudad, calle, numero, piloto_id) values (366, 'United States', 'Miami', 'Bellgrove', 90, 42);
insert into residencia (id, pais, ciudad, calle, numero, piloto_id) values (367, 'China', 'Meiyao', 'Stone Corner', 58, 26);
insert into residencia (id, pais, ciudad, calle, numero, piloto_id) values (368, 'Armenia', 'Gyumri', 'Hansons', 10, 33);
insert into residencia (id, pais, ciudad, calle, numero, piloto_id) values (369, 'Germany', 'Essen', 'Duke', 118, 1);
insert into residencia (id, pais, ciudad, calle, numero, piloto_id) values (370, 'Indonesia', 'Lewoeleng', 'Waubesa', 88, 41);
insert into residencia (id, pais, ciudad, calle, numero, piloto_id) values (371, 'France', 'Avignon', 'Twin Pines', 141, 26);
insert into residencia (id, pais, ciudad, calle, numero, piloto_id) values (372, 'Bahamas', 'Andros Town', 'Sloan', 103, 32);
insert into residencia (id, pais, ciudad, calle, numero, piloto_id) values (373, 'Niger', 'Illéla', 'Superior', 27, 18);
insert into residencia (id, pais, ciudad, calle, numero, piloto_id) values (374, 'Finland', 'Kaavi', 'Burning Wood', 143, 44);
insert into residencia (id, pais, ciudad, calle, numero, piloto_id) values (375, 'Russia', 'Kanash', 'Mayfield', 38, 25);
insert into residencia (id, pais, ciudad, calle, numero, piloto_id) values (376, 'Indonesia', 'Baun', 'Gateway', 97, 36);
insert into residencia (id, pais, ciudad, calle, numero, piloto_id) values (377, 'Kenya', 'Muhoroni', 'Pine View', 89, 6);
insert into residencia (id, pais, ciudad, calle, numero, piloto_id) values (378, 'Indonesia', 'Lajarik', 'Ramsey', 139, 25);
insert into residencia (id, pais, ciudad, calle, numero, piloto_id) values (379, 'Brazil', 'Porto Velho', 'Ridge Oak', 3, 4);
insert into residencia (id, pais, ciudad, calle, numero, piloto_id) values (380, 'Malaysia', 'Kota Bharu', 'Raven', 90, 24);
insert into residencia (id, pais, ciudad, calle, numero, piloto_id) values (381, 'Kazakhstan', 'Ayteke Bi', 'Grim', 33, 5);
insert into residencia (id, pais, ciudad, calle, numero, piloto_id) values (382, 'Sweden', 'Älvsbyn', 'Daystar', 58, 37);
insert into residencia (id, pais, ciudad, calle, numero, piloto_id) values (383, 'United States', 'Charleston', 'Butterfield', 17, 43);
insert into residencia (id, pais, ciudad, calle, numero, piloto_id) values (384, 'Portugal', 'Veiga', 'Arkansas', 96, 21);
insert into residencia (id, pais, ciudad, calle, numero, piloto_id) values (385, 'China', 'Qingban', 'Hoepker', 122, 7);
insert into residencia (id, pais, ciudad, calle, numero, piloto_id) values (386, 'Kazakhstan', 'Aqtaū', 'Towne', 97, 38);
insert into residencia (id, pais, ciudad, calle, numero, piloto_id) values (387, 'Portugal', 'Perosinho', 'Moose', 133, 40);
insert into residencia (id, pais, ciudad, calle, numero, piloto_id) values (388, 'Indonesia', 'Wasogolo', 'Killdeer', 6, 32);
insert into residencia (id, pais, ciudad, calle, numero, piloto_id) values (389, 'Colombia', 'Pelaya', 'Eagan', 117, 32);
insert into residencia (id, pais, ciudad, calle, numero, piloto_id) values (390, 'Russia', 'Groznyy', 'Sundown', 3, 23);
insert into residencia (id, pais, ciudad, calle, numero, piloto_id) values (391, 'France', 'Lyon', 'Marcy', 126, 42);
insert into residencia (id, pais, ciudad, calle, numero, piloto_id) values (392, 'Philippines', 'Maluanluan', 'Ruskin', 27, 21);
insert into residencia (id, pais, ciudad, calle, numero, piloto_id) values (393, 'Brazil', 'Iperó', 'East', 65, 16);
insert into residencia (id, pais, ciudad, calle, numero, piloto_id) values (394, 'Philippines', 'New Agutaya', 'Brickson Park', 47, 28);
insert into residencia (id, pais, ciudad, calle, numero, piloto_id) values (395, 'Philippines', 'Diadi', 'Montana', 36, 28);
insert into residencia (id, pais, ciudad, calle, numero, piloto_id) values (396, 'Paraguay', 'Coronel Martínez', 'Kim', 107, 38);
insert into residencia (id, pais, ciudad, calle, numero, piloto_id) values (397, 'China', 'Baolong', 'Del Mar', 92, 11);
insert into residencia (id, pais, ciudad, calle, numero, piloto_id) values (398, 'Portugal', 'Bertelhe', 'Sunnyside', 18, 2);
insert into residencia (id, pais, ciudad, calle, numero, piloto_id) values (399, 'Indonesia', 'Riangbao', '8th', 59, 4);
insert into residencia (id, pais, ciudad, calle, numero, piloto_id) values (400, 'South Africa', 'Bloemhof', 'Moulton', 87, 33);
insert into residencia (id, pais, ciudad, calle, numero, piloto_id) values (401, 'Kenya', 'Lodwar', 'Pine View', 138, 29);
insert into residencia (id, pais, ciudad, calle, numero, piloto_id) values (402, 'Portugal', 'Alcanhões', 'Thompson', 140, 42);
insert into residencia (id, pais, ciudad, calle, numero, piloto_id) values (403, 'Philippines', 'Roxas', 'Westridge', 98, 17);
insert into residencia (id, pais, ciudad, calle, numero, piloto_id) values (404, 'China', 'Weixin', 'Pleasure', 142, 41);
insert into residencia (id, pais, ciudad, calle, numero, piloto_id) values (405, 'Pakistan', 'Lāchi', 'Myrtle', 150, 33);
insert into residencia (id, pais, ciudad, calle, numero, piloto_id) values (406, 'Indonesia', 'Gesik', 'Kipling', 52, 4);
insert into residencia (id, pais, ciudad, calle, numero, piloto_id) values (407, 'China', 'Yunji', '6th', 113, 29);
insert into residencia (id, pais, ciudad, calle, numero, piloto_id) values (408, 'China', 'Niba', 'Manitowish', 100, 31);
insert into residencia (id, pais, ciudad, calle, numero, piloto_id) values (409, 'Philippines', 'Naga', 'Wayridge', 11, 7);
insert into residencia (id, pais, ciudad, calle, numero, piloto_id) values (410, 'Poland', 'Opatów', 'Porter', 105, 16);
insert into residencia (id, pais, ciudad, calle, numero, piloto_id) values (411, 'United States', 'Palatine', 'Stoughton', 61, 6);
insert into residencia (id, pais, ciudad, calle, numero, piloto_id) values (412, 'China', 'Shangdongjie', 'Sunbrook', 5, 41);
insert into residencia (id, pais, ciudad, calle, numero, piloto_id) values (413, 'China', 'Wuyao', 'Havey', 67, 33);
insert into residencia (id, pais, ciudad, calle, numero, piloto_id) values (414, 'China', 'Puning', 'Moose', 103, 11);
insert into residencia (id, pais, ciudad, calle, numero, piloto_id) values (415, 'China', 'Hengshan', 'Forest', 38, 41);
insert into residencia (id, pais, ciudad, calle, numero, piloto_id) values (416, 'Indonesia', 'Temayang', 'Summer Ridge', 147, 34);
insert into residencia (id, pais, ciudad, calle, numero, piloto_id) values (417, 'Colombia', 'Río de Oro', 'Swallow', 30, 16);
insert into residencia (id, pais, ciudad, calle, numero, piloto_id) values (418, 'China', 'Fenshui', 'Randy', 138, 45);
insert into residencia (id, pais, ciudad, calle, numero, piloto_id) values (419, 'Tunisia', 'El Ksour', 'Macpherson', 105, 20);
insert into residencia (id, pais, ciudad, calle, numero, piloto_id) values (420, 'China', 'Wukeshu', 'Morningstar', 85, 26);
insert into residencia (id, pais, ciudad, calle, numero, piloto_id) values (421, 'Portugal', 'Roliça', 'Towne', 125, 37);
insert into residencia (id, pais, ciudad, calle, numero, piloto_id) values (422, 'South Korea', 'Gaigeturi', 'Northland', 86, 39);
insert into residencia (id, pais, ciudad, calle, numero, piloto_id) values (423, 'Thailand', 'Phaya Thai', 'Surrey', 133, 8);
insert into residencia (id, pais, ciudad, calle, numero, piloto_id) values (424, 'Jordan', 'Aqaba', 'Manley', 54, 35);
insert into residencia (id, pais, ciudad, calle, numero, piloto_id) values (425, 'China', 'Haixing', 'Acker', 64, 6);
insert into residencia (id, pais, ciudad, calle, numero, piloto_id) values (426, 'Peru', 'Independencia', 'Lighthouse Bay', 61, 39);
insert into residencia (id, pais, ciudad, calle, numero, piloto_id) values (427, 'South Africa', 'Fort Beaufort', 'Sycamore', 150, 30);
insert into residencia (id, pais, ciudad, calle, numero, piloto_id) values (428, 'China', 'Wanrongjiang', 'Homewood', 73, 15);
insert into residencia (id, pais, ciudad, calle, numero, piloto_id) values (429, 'Russia', 'Nyazepetrovsk', 'Montana', 50, 7);
insert into residencia (id, pais, ciudad, calle, numero, piloto_id) values (430, 'Argentina', 'Ibarreta', 'Cambridge', 87, 19);
insert into residencia (id, pais, ciudad, calle, numero, piloto_id) values (431, 'China', 'Shuiyuesi', 'Meadow Vale', 138, 12);
insert into residencia (id, pais, ciudad, calle, numero, piloto_id) values (432, 'Portugal', 'Calvário', 'Golf View', 87, 41);
insert into residencia (id, pais, ciudad, calle, numero, piloto_id) values (433, 'Indonesia', 'Bakaran Kulon', 'Arizona', 17, 31);
insert into residencia (id, pais, ciudad, calle, numero, piloto_id) values (434, 'Guatemala', 'Lívingston', 'Spenser', 44, 19);
insert into residencia (id, pais, ciudad, calle, numero, piloto_id) values (435, 'Belarus', 'Smarhon’', 'Scoville', 116, 14);
insert into residencia (id, pais, ciudad, calle, numero, piloto_id) values (436, 'Brazil', 'Patrocínio', 'Anthes', 25, 44);
insert into residencia (id, pais, ciudad, calle, numero, piloto_id) values (437, 'Indonesia', 'Makbon', 'Schurz', 40, 41);
insert into residencia (id, pais, ciudad, calle, numero, piloto_id) values (438, 'China', 'Pingdu', 'Milwaukee', 24, 31);
insert into residencia (id, pais, ciudad, calle, numero, piloto_id) values (439, 'China', 'Dongxiaokou', 'Fairview', 102, 29);
insert into residencia (id, pais, ciudad, calle, numero, piloto_id) values (440, 'Japan', 'Otofuke', 'Goodland', 100, 9);
insert into residencia (id, pais, ciudad, calle, numero, piloto_id) values (441, 'Portugal', 'Lagoa', 'American Ash', 36, 27);
insert into residencia (id, pais, ciudad, calle, numero, piloto_id) values (442, 'Peru', 'Pucyura', 'Westend', 19, 36);
insert into residencia (id, pais, ciudad, calle, numero, piloto_id) values (443, 'France', 'Marseille', 'Nobel', 52, 29);
insert into residencia (id, pais, ciudad, calle, numero, piloto_id) values (444, 'Italy', 'Salerno', 'Susan', 148, 29);
insert into residencia (id, pais, ciudad, calle, numero, piloto_id) values (445, 'Netherlands', 'Delft', 'Golf View', 39, 17);
insert into residencia (id, pais, ciudad, calle, numero, piloto_id) values (446, 'Poland', 'Skorogoszcz', 'Lukken', 131, 9);
insert into residencia (id, pais, ciudad, calle, numero, piloto_id) values (447, 'Hungary', 'Budapest', 'Mariners Cove', 93, 31);
insert into residencia (id, pais, ciudad, calle, numero, piloto_id) values (448, 'Bulgaria', 'Dimitrovgrad', 'Shopko', 12, 32);
insert into residencia (id, pais, ciudad, calle, numero, piloto_id) values (449, 'China', 'Dongming', 'Northwestern', 67, 30);
insert into residencia (id, pais, ciudad, calle, numero, piloto_id) values (450, 'China', 'Ha’erlong', 'Arapahoe', 126, 3);
insert into residencia (id, pais, ciudad, calle, numero, piloto_id) values (451, 'Poland', 'Dobrzyca', 'Alpine', 129, 23);
insert into residencia (id, pais, ciudad, calle, numero, piloto_id) values (452, 'Indonesia', 'Tlatah', 'Vidon', 89, 27);
insert into residencia (id, pais, ciudad, calle, numero, piloto_id) values (453, 'China', 'Fuxing', 'Ludington', 7, 34);
insert into residencia (id, pais, ciudad, calle, numero, piloto_id) values (454, 'Nigeria', 'Port Harcourt', 'Vahlen', 131, 39);
insert into residencia (id, pais, ciudad, calle, numero, piloto_id) values (455, 'Bulgaria', 'Vidin', 'Marcy', 76, 35);
insert into residencia (id, pais, ciudad, calle, numero, piloto_id) values (456, 'Macedonia', 'Лабуништа', 'Hermina', 38, 37);
insert into residencia (id, pais, ciudad, calle, numero, piloto_id) values (457, 'China', 'Xuling', 'South', 117, 9);
insert into residencia (id, pais, ciudad, calle, numero, piloto_id) values (458, 'Colombia', 'Guapi', 'Melby', 35, 10);
insert into residencia (id, pais, ciudad, calle, numero, piloto_id) values (459, 'Russia', 'Sokol', 'Hansons', 129, 39);
insert into residencia (id, pais, ciudad, calle, numero, piloto_id) values (460, 'Romania', 'Satu Nou', 'Browning', 60, 17);
insert into residencia (id, pais, ciudad, calle, numero, piloto_id) values (461, 'Egypt', 'Al Qanāţir al Khayrīyah', 'Gerald', 129, 8);
insert into residencia (id, pais, ciudad, calle, numero, piloto_id) values (462, 'China', 'Hufeng', 'Green Ridge', 93, 18);
insert into residencia (id, pais, ciudad, calle, numero, piloto_id) values (463, 'Sudan', 'Umm Ruwaba', 'Bowman', 96, 18);
insert into residencia (id, pais, ciudad, calle, numero, piloto_id) values (464, 'Brazil', 'Ituiutaba', 'Cascade', 28, 20);
insert into residencia (id, pais, ciudad, calle, numero, piloto_id) values (465, 'China', 'Xiaruyue', 'Starling', 132, 33);
insert into residencia (id, pais, ciudad, calle, numero, piloto_id) values (466, 'Russia', 'Komsomol’skiy', 'Crownhardt', 31, 5);
insert into residencia (id, pais, ciudad, calle, numero, piloto_id) values (467, 'Egypt', 'Fuwah', 'Sugar', 125, 9);
insert into residencia (id, pais, ciudad, calle, numero, piloto_id) values (468, 'China', 'Lhari', 'Thompson', 76, 32);
insert into residencia (id, pais, ciudad, calle, numero, piloto_id) values (469, 'Tanzania', 'Makungu', 'High Crossing', 58, 26);
insert into residencia (id, pais, ciudad, calle, numero, piloto_id) values (470, 'Argentina', 'Crespo', 'Coolidge', 38, 21);
insert into residencia (id, pais, ciudad, calle, numero, piloto_id) values (471, 'United States', 'Beaumont', 'Tennessee', 68, 30);
insert into residencia (id, pais, ciudad, calle, numero, piloto_id) values (472, 'Poland', 'Pszczyna', 'Westport', 115, 31);
insert into residencia (id, pais, ciudad, calle, numero, piloto_id) values (473, 'Chad', 'Koumra', 'Sullivan', 93, 3);
insert into residencia (id, pais, ciudad, calle, numero, piloto_id) values (474, 'Czech Republic', 'Častolovice', 'Continental', 146, 42);
insert into residencia (id, pais, ciudad, calle, numero, piloto_id) values (475, 'Indonesia', 'Banjar Teguan', 'Sullivan', 109, 18);
insert into residencia (id, pais, ciudad, calle, numero, piloto_id) values (476, 'Indonesia', 'Baumata', 'Bluestem', 69, 45);
insert into residencia (id, pais, ciudad, calle, numero, piloto_id) values (477, 'Tunisia', 'Beni Khiar', '2nd', 112, 10);
insert into residencia (id, pais, ciudad, calle, numero, piloto_id) values (478, 'China', 'Shouchun', 'Harbort', 62, 14);
insert into residencia (id, pais, ciudad, calle, numero, piloto_id) values (479, 'France', 'Cholet', 'Harper', 89, 18);
insert into residencia (id, pais, ciudad, calle, numero, piloto_id) values (480, 'Portugal', 'Castêlo', 'Cardinal', 116, 32);
insert into residencia (id, pais, ciudad, calle, numero, piloto_id) values (481, 'Nicaragua', 'Santa Teresa', 'Ridgeview', 29, 18);
insert into residencia (id, pais, ciudad, calle, numero, piloto_id) values (482, 'Portugal', 'Casa Nova', 'Dahle', 28, 33);
insert into residencia (id, pais, ciudad, calle, numero, piloto_id) values (483, 'China', 'Xumu', 'Express', 148, 33);
insert into residencia (id, pais, ciudad, calle, numero, piloto_id) values (484, 'China', 'Huifa', 'Dakota', 147, 31);
insert into residencia (id, pais, ciudad, calle, numero, piloto_id) values (485, 'China', 'Bei’an', 'Surrey', 9, 29);
insert into residencia (id, pais, ciudad, calle, numero, piloto_id) values (486, 'Armenia', 'Arevik', 'Weeping Birch', 88, 39);
insert into residencia (id, pais, ciudad, calle, numero, piloto_id) values (487, 'Brazil', 'Piritiba', 'Green Ridge', 118, 12);
insert into residencia (id, pais, ciudad, calle, numero, piloto_id) values (488, 'Tajikistan', 'Vose’', 'Shelley', 37, 17);
insert into residencia (id, pais, ciudad, calle, numero, piloto_id) values (489, 'China', 'Dazu', 'Eastlawn', 62, 3);
insert into residencia (id, pais, ciudad, calle, numero, piloto_id) values (490, 'Croatia', 'Bribir', 'Butternut', 150, 16);
insert into residencia (id, pais, ciudad, calle, numero, piloto_id) values (491, 'Norway', 'Ålesund', 'Monica', 132, 3);
insert into residencia (id, pais, ciudad, calle, numero, piloto_id) values (492, 'Indonesia', 'Geneng Tengah', 'Milwaukee', 117, 44);
insert into residencia (id, pais, ciudad, calle, numero, piloto_id) values (493, 'Malaysia', 'Kuala Terengganu', 'Hudson', 129, 39);
insert into residencia (id, pais, ciudad, calle, numero, piloto_id) values (494, 'Comoros', 'Madjeouéni', 'Prairie Rose', 38, 29);
insert into residencia (id, pais, ciudad, calle, numero, piloto_id) values (495, 'Sweden', 'Johanneshov', 'Eliot', 27, 29);
insert into residencia (id, pais, ciudad, calle, numero, piloto_id) values (496, 'Russia', 'Spas-Zaulok', 'Maryland', 11, 33);
insert into residencia (id, pais, ciudad, calle, numero, piloto_id) values (497, 'Indonesia', 'Pasirbitung', 'Cambridge', 44, 36);
insert into residencia (id, pais, ciudad, calle, numero, piloto_id) values (498, 'Zimbabwe', 'Kwekwe', 'Walton', 124, 42);
insert into residencia (id, pais, ciudad, calle, numero, piloto_id) values (499, 'Russia', 'Biryulëvo', 'Green', 113, 1);
insert into residencia (id, pais, ciudad, calle, numero, piloto_id) values (500, 'Italy', 'Messina', 'Surrey', 130, 5);
insert into residencia (id, pais, ciudad, calle, numero, piloto_id) values (501, 'Argentina', 'Concordia', 'Talmadge', 120, 26);
insert into residencia (id, pais, ciudad, calle, numero, piloto_id) values (502, 'China', 'Sailaitang', 'Spaight', 22, 7);
insert into residencia (id, pais, ciudad, calle, numero, piloto_id) values (503, 'Tanzania', 'Konde', 'Monterey', 113, 23);
insert into residencia (id, pais, ciudad, calle, numero, piloto_id) values (504, 'China', 'Huaqiao', 'Acker', 8, 7);
insert into residencia (id, pais, ciudad, calle, numero, piloto_id) values (505, 'Uganda', 'Budaka', 'Butterfield', 96, 40);
insert into residencia (id, pais, ciudad, calle, numero, piloto_id) values (506, 'Brazil', 'Araguari', 'Lakewood Gardens', 32, 44);
insert into residencia (id, pais, ciudad, calle, numero, piloto_id) values (507, 'Brazil', 'São João Nepomuceno', 'Continental', 31, 1);
insert into residencia (id, pais, ciudad, calle, numero, piloto_id) values (508, 'Brazil', 'Alfenas', 'Clarendon', 66, 43);
insert into residencia (id, pais, ciudad, calle, numero, piloto_id) values (509, 'Ukraine', 'Brusyliv', 'Little Fleur', 59, 38);
insert into residencia (id, pais, ciudad, calle, numero, piloto_id) values (510, 'Poland', 'Zabierzów', 'Mallory', 58, 2);
insert into residencia (id, pais, ciudad, calle, numero, piloto_id) values (511, 'Tajikistan', 'Norak', 'Dahle', 148, 5);
insert into residencia (id, pais, ciudad, calle, numero, piloto_id) values (512, 'Finland', 'Kaustinen', 'Petterle', 81, 11);
insert into residencia (id, pais, ciudad, calle, numero, piloto_id) values (513, 'China', 'Shuangxiqiao', 'Derek', 82, 31);
insert into residencia (id, pais, ciudad, calle, numero, piloto_id) values (514, 'Vietnam', 'Bến Tre', 'Oak', 129, 2);
insert into residencia (id, pais, ciudad, calle, numero, piloto_id) values (515, 'Canada', 'Mont-Saint-Hilaire', 'Oak', 13, 25);
insert into residencia (id, pais, ciudad, calle, numero, piloto_id) values (516, 'Saint Lucia', 'Laborie', 'Porter', 59, 31);
insert into residencia (id, pais, ciudad, calle, numero, piloto_id) values (517, 'Uganda', 'Kiboga', 'Darwin', 92, 29);
insert into residencia (id, pais, ciudad, calle, numero, piloto_id) values (518, 'China', 'Shengping', 'Veith', 95, 7);
insert into residencia (id, pais, ciudad, calle, numero, piloto_id) values (519, 'Nepal', 'Tulsīpur', 'Paget', 144, 40);
insert into residencia (id, pais, ciudad, calle, numero, piloto_id) values (520, 'Japan', 'Mitaka-shi', 'Claremont', 112, 30);
insert into residencia (id, pais, ciudad, calle, numero, piloto_id) values (521, 'Indonesia', 'Sekampung', 'Chive', 95, 31);
insert into residencia (id, pais, ciudad, calle, numero, piloto_id) values (522, 'Brazil', 'Itajuípe', 'Marquette', 53, 17);
insert into residencia (id, pais, ciudad, calle, numero, piloto_id) values (523, 'China', 'Pangguang', 'Hovde', 16, 41);
insert into residencia (id, pais, ciudad, calle, numero, piloto_id) values (524, 'China', 'Yetang', 'Dakota', 149, 7);
insert into residencia (id, pais, ciudad, calle, numero, piloto_id) values (525, 'Tanzania', 'Bunda', 'High Crossing', 40, 31);
insert into residencia (id, pais, ciudad, calle, numero, piloto_id) values (526, 'France', 'Amiens', 'West', 76, 29);
insert into residencia (id, pais, ciudad, calle, numero, piloto_id) values (527, 'Costa Rica', 'Quesada', 'Luster', 78, 43);
insert into residencia (id, pais, ciudad, calle, numero, piloto_id) values (528, 'Ukraine', 'Nikita', 'Summerview', 106, 23);
insert into residencia (id, pais, ciudad, calle, numero, piloto_id) values (529, 'Republic of the Congo', 'Brazzaville', 'Garrison', 97, 34);
insert into residencia (id, pais, ciudad, calle, numero, piloto_id) values (530, 'Russia', 'Yëlkino', 'Tennyson', 91, 1);
insert into residencia (id, pais, ciudad, calle, numero, piloto_id) values (531, 'Indonesia', 'Palebunan', 'Londonderry', 71, 18);
insert into residencia (id, pais, ciudad, calle, numero, piloto_id) values (532, 'Russia', 'Prokhladnyy', 'Hayes', 32, 2);
insert into residencia (id, pais, ciudad, calle, numero, piloto_id) values (533, 'Peru', 'Huamali', 'Hagan', 27, 7);
insert into residencia (id, pais, ciudad, calle, numero, piloto_id) values (534, 'Morocco', 'Tit Mellil', 'Logan', 61, 16);
insert into residencia (id, pais, ciudad, calle, numero, piloto_id) values (535, 'Bosnia and Herzegovina', 'Blatnica', 'Arizona', 6, 4);
insert into residencia (id, pais, ciudad, calle, numero, piloto_id) values (536, 'Russia', 'Privolzhsk', 'Summerview', 78, 36);
insert into residencia (id, pais, ciudad, calle, numero, piloto_id) values (537, 'Venezuela', 'Puerto Cumarebo', 'Erie', 89, 29);
insert into residencia (id, pais, ciudad, calle, numero, piloto_id) values (538, 'China', 'Huangxikou', 'Sutherland', 82, 34);
insert into residencia (id, pais, ciudad, calle, numero, piloto_id) values (539, 'Pakistan', 'Qādirpur Rān', 'Continental', 47, 13);
insert into residencia (id, pais, ciudad, calle, numero, piloto_id) values (540, 'China', 'Peimei', 'Lakeland', 145, 10);
insert into residencia (id, pais, ciudad, calle, numero, piloto_id) values (541, 'China', 'Miaotang', 'Killdeer', 36, 28);
insert into residencia (id, pais, ciudad, calle, numero, piloto_id) values (542, 'Indonesia', 'Setonokalong', 'Hudson', 13, 14);
insert into residencia (id, pais, ciudad, calle, numero, piloto_id) values (543, 'Bangladesh', 'Phultala', 'Center', 56, 31);
insert into residencia (id, pais, ciudad, calle, numero, piloto_id) values (544, 'Mexico', 'Zaragoza', '2nd', 97, 8);
insert into residencia (id, pais, ciudad, calle, numero, piloto_id) values (545, 'China', 'Xinhui', 'Grim', 32, 18);
insert into residencia (id, pais, ciudad, calle, numero, piloto_id) values (546, 'Indonesia', 'Sumberbakti', 'Armistice', 30, 4);
insert into residencia (id, pais, ciudad, calle, numero, piloto_id) values (547, 'Peru', 'Lluchubamba', 'Oneill', 142, 37);
insert into residencia (id, pais, ciudad, calle, numero, piloto_id) values (548, 'Philippines', 'Mailag', 'Prairieview', 85, 38);
insert into residencia (id, pais, ciudad, calle, numero, piloto_id) values (549, 'Sweden', 'Göteborg', 'Namekagon', 91, 35);
insert into residencia (id, pais, ciudad, calle, numero, piloto_id) values (550, 'Nepal', 'Bhadrapur', 'Haas', 63, 10);
insert into residencia (id, pais, ciudad, calle, numero, piloto_id) values (551, 'China', 'Xilin', 'Pond', 30, 8);
insert into residencia (id, pais, ciudad, calle, numero, piloto_id) values (552, 'Russia', 'Yermolayevo', 'Mallard', 142, 37);
insert into residencia (id, pais, ciudad, calle, numero, piloto_id) values (553, 'Portugal', 'Vila Pouca da Beira', 'New Castle', 110, 15);
insert into residencia (id, pais, ciudad, calle, numero, piloto_id) values (554, 'Philippines', 'Balagon', 'Bartillon', 24, 16);
insert into residencia (id, pais, ciudad, calle, numero, piloto_id) values (555, 'Canada', 'Camlachie', 'Darwin', 21, 32);
insert into residencia (id, pais, ciudad, calle, numero, piloto_id) values (556, 'Portugal', 'Paços', 'Eagle Crest', 99, 21);
insert into residencia (id, pais, ciudad, calle, numero, piloto_id) values (557, 'Argentina', 'Campo Quijano', 'Towne', 107, 25);
insert into residencia (id, pais, ciudad, calle, numero, piloto_id) values (558, 'China', 'Hedong', 'Di Loreto', 102, 5);
insert into residencia (id, pais, ciudad, calle, numero, piloto_id) values (559, 'Brazil', 'Grajaú', 'Vahlen', 137, 26);
insert into residencia (id, pais, ciudad, calle, numero, piloto_id) values (560, 'Serbia', 'Zemun', 'Manley', 11, 41);
insert into residencia (id, pais, ciudad, calle, numero, piloto_id) values (561, 'Israel', 'Ganné Tiqwa', 'Packers', 126, 10);
insert into residencia (id, pais, ciudad, calle, numero, piloto_id) values (562, 'China', 'Huipinggeng', 'Mendota', 92, 1);
insert into residencia (id, pais, ciudad, calle, numero, piloto_id) values (563, 'Portugal', 'Pedrulheira', 'Southridge', 29, 17);
insert into residencia (id, pais, ciudad, calle, numero, piloto_id) values (564, 'China', 'Yun’an', 'American Ash', 106, 42);
insert into residencia (id, pais, ciudad, calle, numero, piloto_id) values (565, 'Indonesia', 'Madura', 'Schmedeman', 82, 41);
insert into residencia (id, pais, ciudad, calle, numero, piloto_id) values (566, 'Malta', 'Ħamrun', 'Sunfield', 101, 22);
insert into residencia (id, pais, ciudad, calle, numero, piloto_id) values (567, 'China', 'Xinjie', 'Hovde', 25, 2);
insert into residencia (id, pais, ciudad, calle, numero, piloto_id) values (568, 'Chile', 'Остров Пасхи', 'Farmco', 35, 43);
insert into residencia (id, pais, ciudad, calle, numero, piloto_id) values (569, 'Philippines', 'Cabatuan', 'Sommers', 6, 32);
insert into residencia (id, pais, ciudad, calle, numero, piloto_id) values (570, 'Cambodia', 'Stung Treng', 'Fordem', 129, 8);
insert into residencia (id, pais, ciudad, calle, numero, piloto_id) values (571, 'China', 'Zhongling', 'Johnson', 98, 10);
insert into residencia (id, pais, ciudad, calle, numero, piloto_id) values (572, 'Brazil', 'Buíque', 'Di Loreto', 119, 30);
insert into residencia (id, pais, ciudad, calle, numero, piloto_id) values (573, 'Russia', 'Irkliyevskaya', 'Cardinal', 117, 3);
insert into residencia (id, pais, ciudad, calle, numero, piloto_id) values (574, 'Vietnam', 'Gò Dầu', 'Maple', 22, 43);
insert into residencia (id, pais, ciudad, calle, numero, piloto_id) values (575, 'Indonesia', 'Sewon', 'Manley', 52, 7);
insert into residencia (id, pais, ciudad, calle, numero, piloto_id) values (576, 'United States', 'Erie', 'Warner', 133, 16);
insert into residencia (id, pais, ciudad, calle, numero, piloto_id) values (577, 'France', 'Bordeaux', 'Rowland', 69, 16);
insert into residencia (id, pais, ciudad, calle, numero, piloto_id) values (578, 'Sweden', 'Svalöv', 'Kipling', 39, 45);
insert into residencia (id, pais, ciudad, calle, numero, piloto_id) values (579, 'Mongolia', 'Tahilt', 'Caliangt', 115, 35);
insert into residencia (id, pais, ciudad, calle, numero, piloto_id) values (580, 'Kosovo', 'Lloqan', 'Clove', 28, 39);
insert into residencia (id, pais, ciudad, calle, numero, piloto_id) values (581, 'China', 'Yijiang', 'Northfield', 64, 24);
insert into residencia (id, pais, ciudad, calle, numero, piloto_id) values (582, 'Brazil', 'Monte Carmelo', 'School', 142, 9);
insert into residencia (id, pais, ciudad, calle, numero, piloto_id) values (583, 'Pakistan', 'Faisalābād', 'Vidon', 81, 22);
insert into residencia (id, pais, ciudad, calle, numero, piloto_id) values (584, 'Indonesia', 'Kebonagung', 'Division', 81, 30);
insert into residencia (id, pais, ciudad, calle, numero, piloto_id) values (585, 'Indonesia', 'Olo', 'Fisk', 141, 28);
insert into residencia (id, pais, ciudad, calle, numero, piloto_id) values (586, 'Indonesia', 'Pasirtujuhpuluh', 'Oneill', 127, 40);
insert into residencia (id, pais, ciudad, calle, numero, piloto_id) values (587, 'Argentina', 'El Bolsón', 'Montana', 55, 27);
insert into residencia (id, pais, ciudad, calle, numero, piloto_id) values (588, 'Indonesia', 'Oepula', 'School', 56, 10);
insert into residencia (id, pais, ciudad, calle, numero, piloto_id) values (589, 'Portugal', 'Torrão', 'Roxbury', 43, 23);
insert into residencia (id, pais, ciudad, calle, numero, piloto_id) values (590, 'Russia', 'Nurlat', 'Hagan', 27, 38);
insert into residencia (id, pais, ciudad, calle, numero, piloto_id) values (591, 'Russia', 'Yermolino', 'Almo', 118, 5);
insert into residencia (id, pais, ciudad, calle, numero, piloto_id) values (592, 'Cape Verde', 'Pombas', 'Upham', 97, 22);
insert into residencia (id, pais, ciudad, calle, numero, piloto_id) values (593, 'China', 'Chunxi', 'Evergreen', 150, 15);
insert into residencia (id, pais, ciudad, calle, numero, piloto_id) values (594, 'Zambia', 'Nakonde', 'Commercial', 108, 22);
insert into residencia (id, pais, ciudad, calle, numero, piloto_id) values (595, 'China', 'Jincheng', 'Judy', 149, 34);
insert into residencia (id, pais, ciudad, calle, numero, piloto_id) values (596, 'China', 'Languan', 'Farmco', 134, 9);
insert into residencia (id, pais, ciudad, calle, numero, piloto_id) values (597, 'United States', 'Inglewood', 'Buell', 13, 37);
insert into residencia (id, pais, ciudad, calle, numero, piloto_id) values (598, 'Philippines', 'Lopez Jaena', 'Marquette', 121, 16);
insert into residencia (id, pais, ciudad, calle, numero, piloto_id) values (599, 'China', 'Jiulong', 'Kennedy', 102, 21);
insert into residencia (id, pais, ciudad, calle, numero, piloto_id) values (600, 'South Korea', 'Tangjin', 'Texas', 144, 34);
insert into residencia (id, pais, ciudad, calle, numero, piloto_id) values (601, 'Brazil', 'Cruzeiro do Oeste', 'Hanson', 125, 7);
insert into residencia (id, pais, ciudad, calle, numero, piloto_id) values (602, 'Sri Lanka', 'Talawakele', 'Golden Leaf', 44, 19);
insert into residencia (id, pais, ciudad, calle, numero, piloto_id) values (603, 'China', 'Kangshan', 'Warner', 75, 39);
insert into residencia (id, pais, ciudad, calle, numero, piloto_id) values (604, 'China', 'Yangxiang', 'Nevada', 40, 36);
insert into residencia (id, pais, ciudad, calle, numero, piloto_id) values (605, 'Russia', 'Staropyshminsk', 'Melody', 134, 37);
insert into residencia (id, pais, ciudad, calle, numero, piloto_id) values (606, 'Canada', 'Taber', 'Eliot', 61, 42);
insert into residencia (id, pais, ciudad, calle, numero, piloto_id) values (607, 'Colombia', 'Cabuyaro', 'Prentice', 126, 23);
insert into residencia (id, pais, ciudad, calle, numero, piloto_id) values (608, 'Russia', 'Katav-Ivanovsk', 'Coleman', 2, 45);
insert into residencia (id, pais, ciudad, calle, numero, piloto_id) values (609, 'Indonesia', 'Batawa', 'Sutherland', 35, 1);
insert into residencia (id, pais, ciudad, calle, numero, piloto_id) values (610, 'Ireland', 'Tower', 'Fordem', 61, 34);
insert into residencia (id, pais, ciudad, calle, numero, piloto_id) values (611, 'Brazil', 'Baixo Guandu', 'Claremont', 97, 42);
insert into residencia (id, pais, ciudad, calle, numero, piloto_id) values (612, 'Uruguay', 'Migues', 'Onsgard', 113, 1);
insert into residencia (id, pais, ciudad, calle, numero, piloto_id) values (613, 'Indonesia', 'Sukaharja', 'South', 22, 5);
insert into residencia (id, pais, ciudad, calle, numero, piloto_id) values (614, 'South Korea', 'Yŏnmu', 'Mandrake', 25, 14);
insert into residencia (id, pais, ciudad, calle, numero, piloto_id) values (615, 'France', 'Bagnères-de-Bigorre', 'Sauthoff', 62, 1);
insert into residencia (id, pais, ciudad, calle, numero, piloto_id) values (616, 'Costa Rica', 'Calle Blancos', 'Mariners Cove', 117, 19);
insert into residencia (id, pais, ciudad, calle, numero, piloto_id) values (617, 'Serbia', 'Stari Banovci', 'Hollow Ridge', 39, 45);
insert into residencia (id, pais, ciudad, calle, numero, piloto_id) values (618, 'Bulgaria', 'Trŭn', 'Meadow Valley', 130, 17);
insert into residencia (id, pais, ciudad, calle, numero, piloto_id) values (619, 'China', 'Wugong', 'Kinsman', 71, 7);
insert into residencia (id, pais, ciudad, calle, numero, piloto_id) values (620, 'Comoros', 'Hajoho', 'Buena Vista', 31, 17);
insert into residencia (id, pais, ciudad, calle, numero, piloto_id) values (621, 'China', 'Moxi', 'Lakewood Gardens', 96, 5);
insert into residencia (id, pais, ciudad, calle, numero, piloto_id) values (622, 'China', 'Tumba', 'Goodland', 96, 32);
insert into residencia (id, pais, ciudad, calle, numero, piloto_id) values (623, 'Iran', 'Alvand', 'North', 70, 6);
insert into residencia (id, pais, ciudad, calle, numero, piloto_id) values (624, 'Colombia', 'Medellín', 'Spohn', 140, 22);
insert into residencia (id, pais, ciudad, calle, numero, piloto_id) values (625, 'Russia', 'Zhankhoteko', 'Waxwing', 17, 25);
insert into residencia (id, pais, ciudad, calle, numero, piloto_id) values (626, 'Czech Republic', 'Mýto', 'Swallow', 109, 24);
insert into residencia (id, pais, ciudad, calle, numero, piloto_id) values (627, 'Morocco', 'El Aïoun', 'Banding', 51, 22);
insert into residencia (id, pais, ciudad, calle, numero, piloto_id) values (628, 'China', 'Mengzhai', 'Bluestem', 38, 5);
insert into residencia (id, pais, ciudad, calle, numero, piloto_id) values (629, 'Portugal', 'Charneca da Cotovia', 'Artisan', 135, 26);
insert into residencia (id, pais, ciudad, calle, numero, piloto_id) values (630, 'Ukraine', 'Kirovohrad', 'Bowman', 143, 3);
insert into residencia (id, pais, ciudad, calle, numero, piloto_id) values (631, 'Panama', 'Nuevo Emperador', 'Cascade', 128, 17);
insert into residencia (id, pais, ciudad, calle, numero, piloto_id) values (632, 'Russia', 'Izmaylovo', 'Emmet', 23, 17);
insert into residencia (id, pais, ciudad, calle, numero, piloto_id) values (633, 'Indonesia', 'Babakanbungur', 'Kinsman', 75, 32);
insert into residencia (id, pais, ciudad, calle, numero, piloto_id) values (634, 'Philippines', 'Calanogas', 'Eastlawn', 71, 16);
insert into residencia (id, pais, ciudad, calle, numero, piloto_id) values (635, 'Russia', 'Blagoveshchensk', 'Brown', 147, 27);
insert into residencia (id, pais, ciudad, calle, numero, piloto_id) values (636, 'Thailand', 'Suphan Buri', 'Rusk', 60, 6);
insert into residencia (id, pais, ciudad, calle, numero, piloto_id) values (637, 'Brazil', 'Juazeiro do Norte', 'Spenser', 84, 20);
insert into residencia (id, pais, ciudad, calle, numero, piloto_id) values (638, 'Poland', 'Kórnik', 'Grayhawk', 130, 26);
insert into residencia (id, pais, ciudad, calle, numero, piloto_id) values (639, 'Serbia', 'Ljukovo', 'Steensland', 5, 27);
insert into residencia (id, pais, ciudad, calle, numero, piloto_id) values (640, 'Spain', 'Granada', 'Oriole', 9, 33);
insert into residencia (id, pais, ciudad, calle, numero, piloto_id) values (641, 'China', 'Yishui', 'Ruskin', 148, 38);
insert into residencia (id, pais, ciudad, calle, numero, piloto_id) values (642, 'United States', 'Florence', 'Lakewood Gardens', 74, 29);
insert into residencia (id, pais, ciudad, calle, numero, piloto_id) values (643, 'China', 'Xinkaikou', 'Lukken', 8, 45);
insert into residencia (id, pais, ciudad, calle, numero, piloto_id) values (644, 'China', 'Fangxiang', 'Fuller', 30, 37);
insert into residencia (id, pais, ciudad, calle, numero, piloto_id) values (645, 'Ukraine', 'Tatariv', 'Maple', 125, 1);
insert into residencia (id, pais, ciudad, calle, numero, piloto_id) values (646, 'Nigeria', 'Afikpo', 'Tennessee', 58, 17);
insert into residencia (id, pais, ciudad, calle, numero, piloto_id) values (647, 'Brazil', 'Petrópolis', 'Park Meadow', 21, 21);
insert into residencia (id, pais, ciudad, calle, numero, piloto_id) values (648, 'Portugal', 'Fonte de Angeão', 'Gina', 35, 38);
insert into residencia (id, pais, ciudad, calle, numero, piloto_id) values (649, 'Indonesia', 'Parakanpanjang', 'Lotheville', 90, 5);
insert into residencia (id, pais, ciudad, calle, numero, piloto_id) values (650, 'Colombia', 'Tópaga', 'Cottonwood', 64, 31);
insert into residencia (id, pais, ciudad, calle, numero, piloto_id) values (651, 'Indonesia', 'Gowa', 'Valley Edge', 100, 14);
insert into residencia (id, pais, ciudad, calle, numero, piloto_id) values (652, 'Sweden', 'Vårby', 'Barnett', 147, 5);
insert into residencia (id, pais, ciudad, calle, numero, piloto_id) values (653, 'Finland', 'Vantaa', 'Sycamore', 139, 3);
insert into residencia (id, pais, ciudad, calle, numero, piloto_id) values (654, 'Indonesia', 'Sinabang', 'Charing Cross', 114, 33);
insert into residencia (id, pais, ciudad, calle, numero, piloto_id) values (655, 'Vietnam', 'Chợ Lầu', 'Mendota', 66, 27);
insert into residencia (id, pais, ciudad, calle, numero, piloto_id) values (656, 'United States', 'Santa Fe', 'Monument', 145, 19);
insert into residencia (id, pais, ciudad, calle, numero, piloto_id) values (657, 'Indonesia', 'Paobulan', 'Bonner', 45, 30);
insert into residencia (id, pais, ciudad, calle, numero, piloto_id) values (658, 'Portugal', 'Fajões', 'Sauthoff', 33, 35);
insert into residencia (id, pais, ciudad, calle, numero, piloto_id) values (659, 'Germany', 'Hanau', 'Lyons', 79, 23);
insert into residencia (id, pais, ciudad, calle, numero, piloto_id) values (660, 'Burundi', 'Cankuzo', 'Fordem', 31, 3);
insert into residencia (id, pais, ciudad, calle, numero, piloto_id) values (661, 'Mauritania', 'Rosso', 'Esch', 123, 8);
insert into residencia (id, pais, ciudad, calle, numero, piloto_id) values (662, 'Philippines', 'Cagwait', 'Merry', 34, 7);
insert into residencia (id, pais, ciudad, calle, numero, piloto_id) values (663, 'Indonesia', 'Awilega', 'Dawn', 96, 27);
insert into residencia (id, pais, ciudad, calle, numero, piloto_id) values (664, 'Ghana', 'Akropong', 'John Wall', 12, 45);
insert into residencia (id, pais, ciudad, calle, numero, piloto_id) values (665, 'China', 'Zicheng', 'American Ash', 114, 14);
insert into residencia (id, pais, ciudad, calle, numero, piloto_id) values (666, 'Portugal', 'Quiaios', 'Acker', 38, 19);
insert into residencia (id, pais, ciudad, calle, numero, piloto_id) values (667, 'Indonesia', 'Kalimati', 'Havey', 68, 25);
insert into residencia (id, pais, ciudad, calle, numero, piloto_id) values (668, 'Poland', 'Wawer', 'Summer Ridge', 37, 2);
insert into residencia (id, pais, ciudad, calle, numero, piloto_id) values (669, 'Colombia', 'Mocoa', 'Waxwing', 127, 29);
insert into residencia (id, pais, ciudad, calle, numero, piloto_id) values (670, 'Sweden', 'Strömsund', 'Miller', 103, 44);
insert into residencia (id, pais, ciudad, calle, numero, piloto_id) values (671, 'Mexico', 'Cuauhtemoc', 'Marcy', 55, 16);
insert into residencia (id, pais, ciudad, calle, numero, piloto_id) values (672, 'Tajikistan', 'Konibodom', 'Kipling', 44, 31);
insert into residencia (id, pais, ciudad, calle, numero, piloto_id) values (673, 'Ethiopia', 'Yirga ‘Alem', 'Truax', 24, 33);
insert into residencia (id, pais, ciudad, calle, numero, piloto_id) values (674, 'Thailand', 'Phetchabun', 'Corscot', 93, 16);
insert into residencia (id, pais, ciudad, calle, numero, piloto_id) values (675, 'China', 'Chanhe', 'Harper', 143, 31);
insert into residencia (id, pais, ciudad, calle, numero, piloto_id) values (676, 'Bulgaria', 'Veliki Preslav', 'Reinke', 87, 34);
insert into residencia (id, pais, ciudad, calle, numero, piloto_id) values (677, 'Croatia', 'Galovac', 'Briar Crest', 130, 17);
insert into residencia (id, pais, ciudad, calle, numero, piloto_id) values (678, 'China', 'Damu', 'Golden Leaf', 1, 42);
insert into residencia (id, pais, ciudad, calle, numero, piloto_id) values (679, 'Brazil', 'Alagoinhas', 'Miller', 137, 39);
insert into residencia (id, pais, ciudad, calle, numero, piloto_id) values (680, 'Indonesia', 'Tawun', 'Eggendart', 126, 8);
insert into residencia (id, pais, ciudad, calle, numero, piloto_id) values (681, 'China', 'Baoshui', 'Hintze', 74, 18);
insert into residencia (id, pais, ciudad, calle, numero, piloto_id) values (682, 'Portugal', 'São Roque', '8th', 12, 15);
insert into residencia (id, pais, ciudad, calle, numero, piloto_id) values (683, 'China', 'Dazhangzhuang', 'Lerdahl', 100, 4);
insert into residencia (id, pais, ciudad, calle, numero, piloto_id) values (684, 'Nigeria', 'Takum', 'Mcbride', 63, 34);
insert into residencia (id, pais, ciudad, calle, numero, piloto_id) values (685, 'Sweden', 'Göteborg', 'Oakridge', 131, 16);
insert into residencia (id, pais, ciudad, calle, numero, piloto_id) values (686, 'Poland', 'Chłapowo', 'Fairfield', 107, 7);
insert into residencia (id, pais, ciudad, calle, numero, piloto_id) values (687, 'Malaysia', 'Ipoh', 'Autumn Leaf', 36, 15);
insert into residencia (id, pais, ciudad, calle, numero, piloto_id) values (688, 'Russia', 'Tyrnyauz', 'Main', 75, 34);
insert into residencia (id, pais, ciudad, calle, numero, piloto_id) values (689, 'China', 'Zhouzhuang', 'Sommers', 88, 14);
insert into residencia (id, pais, ciudad, calle, numero, piloto_id) values (690, 'Yemen', 'Al Matūn', 'Barnett', 12, 8);
insert into residencia (id, pais, ciudad, calle, numero, piloto_id) values (691, 'Russia', 'Tutayev', 'Mcbride', 99, 6);
insert into residencia (id, pais, ciudad, calle, numero, piloto_id) values (692, 'Indonesia', 'Calingcing', 'Waywood', 132, 22);
insert into residencia (id, pais, ciudad, calle, numero, piloto_id) values (693, 'China', 'Yalukou', 'Gateway', 102, 22);
insert into residencia (id, pais, ciudad, calle, numero, piloto_id) values (694, 'Czech Republic', 'Bílovec', 'International', 40, 24);
insert into residencia (id, pais, ciudad, calle, numero, piloto_id) values (695, 'Japan', 'Tonoshō', 'Spaight', 65, 26);
insert into residencia (id, pais, ciudad, calle, numero, piloto_id) values (696, 'Indonesia', 'Sengkerang Tiga', 'Shasta', 19, 24);
insert into residencia (id, pais, ciudad, calle, numero, piloto_id) values (697, 'Tajikistan', 'Kŭlob', 'Fordem', 21, 7);
insert into residencia (id, pais, ciudad, calle, numero, piloto_id) values (698, 'Czech Republic', 'Dolní Kounice', 'Bobwhite', 31, 30);
insert into residencia (id, pais, ciudad, calle, numero, piloto_id) values (699, 'China', 'Dongxi', 'Fisk', 17, 7);
insert into residencia (id, pais, ciudad, calle, numero, piloto_id) values (700, 'Spain', 'Santiago De Compostela', 'Rusk', 143, 20);
insert into residencia (id, pais, ciudad, calle, numero, piloto_id) values (701, 'Indonesia', 'Karangagung Timur', 'Longview', 35, 45);
insert into residencia (id, pais, ciudad, calle, numero, piloto_id) values (702, 'China', 'Zhuangbian', 'Barnett', 141, 29);
insert into residencia (id, pais, ciudad, calle, numero, piloto_id) values (703, 'Philippines', 'Cavinti', 'Gale', 61, 22);
insert into residencia (id, pais, ciudad, calle, numero, piloto_id) values (704, 'Czech Republic', 'Hrob', 'Monterey', 42, 22);
insert into residencia (id, pais, ciudad, calle, numero, piloto_id) values (705, 'Indonesia', 'Robatal', 'Eagle Crest', 23, 6);
insert into residencia (id, pais, ciudad, calle, numero, piloto_id) values (706, 'United States', 'Philadelphia', 'Dapin', 144, 44);
insert into residencia (id, pais, ciudad, calle, numero, piloto_id) values (707, 'Sweden', 'Örebro', 'Eagle Crest', 34, 42);
insert into residencia (id, pais, ciudad, calle, numero, piloto_id) values (708, 'Russia', 'Mitrofanovka', 'Mcguire', 129, 7);
insert into residencia (id, pais, ciudad, calle, numero, piloto_id) values (709, 'Portugal', 'Muxagata', 'Carberry', 147, 31);
insert into residencia (id, pais, ciudad, calle, numero, piloto_id) values (710, 'China', 'Sangzhen', 'Ludington', 1, 15);
insert into residencia (id, pais, ciudad, calle, numero, piloto_id) values (711, 'Slovenia', 'Dragomer', 'Bayside', 5, 39);
insert into residencia (id, pais, ciudad, calle, numero, piloto_id) values (712, 'Sweden', 'Uddevalla', 'Pearson', 56, 23);
insert into residencia (id, pais, ciudad, calle, numero, piloto_id) values (713, 'United States', 'Migrate', 'Red Cloud', 100, 10);
insert into residencia (id, pais, ciudad, calle, numero, piloto_id) values (714, 'Portugal', 'Cabra Figa', 'Lunder', 36, 21);
insert into residencia (id, pais, ciudad, calle, numero, piloto_id) values (715, 'United Kingdom', 'Upton', 'Center', 82, 13);
insert into residencia (id, pais, ciudad, calle, numero, piloto_id) values (716, 'Colombia', 'El Copey', 'Moose', 2, 13);
insert into residencia (id, pais, ciudad, calle, numero, piloto_id) values (717, 'Indonesia', 'Parlilitan', 'Dawn', 93, 31);
insert into residencia (id, pais, ciudad, calle, numero, piloto_id) values (718, 'Japan', 'Inashiki', 'Golf', 32, 11);
insert into residencia (id, pais, ciudad, calle, numero, piloto_id) values (719, 'Croatia', 'Čakovec', 'Lunder', 106, 15);
insert into residencia (id, pais, ciudad, calle, numero, piloto_id) values (720, 'Poland', 'Chocz', 'Ruskin', 79, 7);
insert into residencia (id, pais, ciudad, calle, numero, piloto_id) values (721, 'Sri Lanka', 'Jaffna', 'Mallard', 135, 6);
insert into residencia (id, pais, ciudad, calle, numero, piloto_id) values (722, 'Indonesia', 'Srunikrajan', 'Pearson', 51, 38);
insert into residencia (id, pais, ciudad, calle, numero, piloto_id) values (723, 'Indonesia', 'Tapakrejo', 'Northland', 108, 9);
insert into residencia (id, pais, ciudad, calle, numero, piloto_id) values (724, 'Peru', 'Cachimayo', 'Reindahl', 66, 23);
insert into residencia (id, pais, ciudad, calle, numero, piloto_id) values (725, 'Portugal', 'Ourentã', 'Ludington', 57, 22);
insert into residencia (id, pais, ciudad, calle, numero, piloto_id) values (726, 'United States', 'Humble', 'Sutteridge', 148, 34);
insert into residencia (id, pais, ciudad, calle, numero, piloto_id) values (727, 'Vietnam', 'Tân Hưng', 'Tomscot', 74, 32);
insert into residencia (id, pais, ciudad, calle, numero, piloto_id) values (728, 'China', 'Nanjie', 'John Wall', 138, 21);
insert into residencia (id, pais, ciudad, calle, numero, piloto_id) values (729, 'Russia', 'Ilek', 'Grasskamp', 65, 29);
insert into residencia (id, pais, ciudad, calle, numero, piloto_id) values (730, 'Afghanistan', 'Chandal Bā’ī', 'Karstens', 34, 7);
insert into residencia (id, pais, ciudad, calle, numero, piloto_id) values (731, 'Indonesia', 'Kertosari', 'Straubel', 133, 14);
insert into residencia (id, pais, ciudad, calle, numero, piloto_id) values (732, 'China', 'Jagdaqi', '3rd', 27, 41);
insert into residencia (id, pais, ciudad, calle, numero, piloto_id) values (733, 'China', 'Libei', 'Vahlen', 146, 18);
insert into residencia (id, pais, ciudad, calle, numero, piloto_id) values (734, 'Philippines', 'Tagum', 'Glendale', 91, 3);
insert into residencia (id, pais, ciudad, calle, numero, piloto_id) values (735, 'China', 'Enshi', 'Memorial', 1, 2);
insert into residencia (id, pais, ciudad, calle, numero, piloto_id) values (736, 'China', 'Zongzhai', 'Macpherson', 38, 29);
insert into residencia (id, pais, ciudad, calle, numero, piloto_id) values (737, 'China', 'Heshi', 'Grim', 119, 34);
insert into residencia (id, pais, ciudad, calle, numero, piloto_id) values (738, 'Mexico', 'Los Angeles', 'Myrtle', 134, 29);
insert into residencia (id, pais, ciudad, calle, numero, piloto_id) values (739, 'Georgia', 'Dioknisi', 'Clarendon', 95, 42);
insert into residencia (id, pais, ciudad, calle, numero, piloto_id) values (740, 'Canada', 'Smoky Lake', 'Doe Crossing', 149, 33);
insert into residencia (id, pais, ciudad, calle, numero, piloto_id) values (741, 'Peru', 'Pacobamba', 'Browning', 7, 30);
insert into residencia (id, pais, ciudad, calle, numero, piloto_id) values (742, 'Denmark', 'København', 'Riverside', 67, 2);
insert into residencia (id, pais, ciudad, calle, numero, piloto_id) values (743, 'China', 'Guangning', 'Ridgeview', 60, 35);
insert into residencia (id, pais, ciudad, calle, numero, piloto_id) values (744, 'Australia', 'Adelaide Mail Centre', 'Truax', 23, 40);
insert into residencia (id, pais, ciudad, calle, numero, piloto_id) values (745, 'Cuba', 'Guisa', 'Kings', 90, 8);
insert into residencia (id, pais, ciudad, calle, numero, piloto_id) values (746, 'Slovenia', 'Zgornje Bitnje', 'Monica', 12, 39);
insert into residencia (id, pais, ciudad, calle, numero, piloto_id) values (747, 'Philippines', 'Monching', 'Reindahl', 132, 11);
insert into residencia (id, pais, ciudad, calle, numero, piloto_id) values (748, 'China', 'Nansha', 'Judy', 39, 13);
insert into residencia (id, pais, ciudad, calle, numero, piloto_id) values (749, 'Japan', 'Daitōchō', 'Declaration', 140, 21);
insert into residencia (id, pais, ciudad, calle, numero, piloto_id) values (750, 'China', 'Kouqian', 'Hoepker', 112, 34);
insert into residencia (id, pais, ciudad, calle, numero, piloto_id) values (751, 'Japan', 'Moriyama', 'Nevada', 74, 32);
insert into residencia (id, pais, ciudad, calle, numero, piloto_id) values (752, 'Philippines', 'Can-Avid', 'Roxbury', 57, 24);
insert into residencia (id, pais, ciudad, calle, numero, piloto_id) values (753, 'China', 'Maqia', 'Waubesa', 57, 44);
insert into residencia (id, pais, ciudad, calle, numero, piloto_id) values (754, 'Portugal', 'Outeiro de Polima', 'Farmco', 7, 7);
insert into residencia (id, pais, ciudad, calle, numero, piloto_id) values (755, 'Uzbekistan', 'Yaypan', '7th', 68, 30);
insert into residencia (id, pais, ciudad, calle, numero, piloto_id) values (756, 'Thailand', 'Bangkok', 'Arapahoe', 131, 26);
insert into residencia (id, pais, ciudad, calle, numero, piloto_id) values (757, 'Philippines', 'Tagkawayan Sabang', 'Memorial', 13, 31);
insert into residencia (id, pais, ciudad, calle, numero, piloto_id) values (758, 'New Zealand', 'Levin', 'Dennis', 38, 43);
insert into residencia (id, pais, ciudad, calle, numero, piloto_id) values (759, 'Sweden', 'Grästorp', 'Union', 37, 8);
insert into residencia (id, pais, ciudad, calle, numero, piloto_id) values (760, 'Yemen', 'Jawf al Maqbābah', 'Nobel', 29, 10);
insert into residencia (id, pais, ciudad, calle, numero, piloto_id) values (761, 'Peru', 'Buenos Aires', 'Fair Oaks', 29, 19);
insert into residencia (id, pais, ciudad, calle, numero, piloto_id) values (762, 'China', 'Taoyuan', 'Center', 91, 42);
insert into residencia (id, pais, ciudad, calle, numero, piloto_id) values (763, 'China', 'Taihe', 'Eliot', 11, 18);
insert into residencia (id, pais, ciudad, calle, numero, piloto_id) values (764, 'China', 'Menlou’ao', 'Coleman', 77, 8);
insert into residencia (id, pais, ciudad, calle, numero, piloto_id) values (765, 'United States', 'Waco', 'Bartillon', 105, 21);
insert into residencia (id, pais, ciudad, calle, numero, piloto_id) values (766, 'China', 'Puyang', 'Nevada', 129, 41);
insert into residencia (id, pais, ciudad, calle, numero, piloto_id) values (767, 'China', 'Xinhua', 'Aberg', 137, 5);
insert into residencia (id, pais, ciudad, calle, numero, piloto_id) values (768, 'China', 'Dingzhai', 'Stoughton', 38, 30);
insert into residencia (id, pais, ciudad, calle, numero, piloto_id) values (769, 'Brazil', 'Itaquaquecetuba', 'Packers', 83, 7);
insert into residencia (id, pais, ciudad, calle, numero, piloto_id) values (770, 'Czech Republic', 'Nové Sedlo', 'Dwight', 128, 1);
insert into residencia (id, pais, ciudad, calle, numero, piloto_id) values (771, 'Finland', 'Alavieska', 'Sugar', 16, 11);
insert into residencia (id, pais, ciudad, calle, numero, piloto_id) values (772, 'Bulgaria', 'Stamboliyski', 'Doe Crossing', 129, 23);
insert into residencia (id, pais, ciudad, calle, numero, piloto_id) values (773, 'Mexico', 'Emiliano Zapata', 'Mifflin', 118, 35);
insert into residencia (id, pais, ciudad, calle, numero, piloto_id) values (774, 'Colombia', 'Málaga', 'Arkansas', 149, 27);
insert into residencia (id, pais, ciudad, calle, numero, piloto_id) values (775, 'China', 'Fengxi', 'Waywood', 50, 35);
insert into residencia (id, pais, ciudad, calle, numero, piloto_id) values (776, 'Gambia', 'Kunting', 'Lakewood Gardens', 46, 35);
insert into residencia (id, pais, ciudad, calle, numero, piloto_id) values (777, 'Portugal', 'Carvalhal', 'Orin', 19, 18);
insert into residencia (id, pais, ciudad, calle, numero, piloto_id) values (778, 'Brazil', 'Lago da Pedra', 'Sutteridge', 97, 3);
insert into residencia (id, pais, ciudad, calle, numero, piloto_id) values (779, 'Belarus', 'Dashkawka', 'Walton', 134, 38);
insert into residencia (id, pais, ciudad, calle, numero, piloto_id) values (780, 'China', 'Hetai', 'Farragut', 126, 35);
insert into residencia (id, pais, ciudad, calle, numero, piloto_id) values (781, 'Haiti', 'Fort Liberté', 'Golf Course', 28, 14);
insert into residencia (id, pais, ciudad, calle, numero, piloto_id) values (782, 'Sweden', 'Hässelby', 'Lindbergh', 23, 13);
insert into residencia (id, pais, ciudad, calle, numero, piloto_id) values (783, 'Serbia', 'Putinci', 'Esker', 145, 41);
insert into residencia (id, pais, ciudad, calle, numero, piloto_id) values (784, 'Thailand', 'Khok Charoen', 'Mitchell', 35, 45);
insert into residencia (id, pais, ciudad, calle, numero, piloto_id) values (785, 'Sweden', 'Västervik', 'Gulseth', 21, 26);
insert into residencia (id, pais, ciudad, calle, numero, piloto_id) values (786, 'Czech Republic', 'Domanín', 'Welch', 83, 40);
insert into residencia (id, pais, ciudad, calle, numero, piloto_id) values (787, 'Indonesia', 'Pepayan', 'Hooker', 59, 43);
insert into residencia (id, pais, ciudad, calle, numero, piloto_id) values (788, 'Indonesia', 'Oenaik', 'Algoma', 109, 5);
insert into residencia (id, pais, ciudad, calle, numero, piloto_id) values (789, 'Indonesia', 'Tutnae', 'Elmside', 76, 14);
insert into residencia (id, pais, ciudad, calle, numero, piloto_id) values (790, 'Indonesia', 'Bendosewu', 'Longview', 48, 17);
insert into residencia (id, pais, ciudad, calle, numero, piloto_id) values (791, 'China', 'Lianghu', 'Kennedy', 104, 37);
insert into residencia (id, pais, ciudad, calle, numero, piloto_id) values (792, 'Brazil', 'Pôsto Fiscal Rolim de Moura', 'Welch', 125, 21);
insert into residencia (id, pais, ciudad, calle, numero, piloto_id) values (793, 'Ghana', 'Medina Estates', 'Gina', 32, 34);
insert into residencia (id, pais, ciudad, calle, numero, piloto_id) values (794, 'United States', 'Jacksonville', 'Homewood', 102, 20);
insert into residencia (id, pais, ciudad, calle, numero, piloto_id) values (795, 'China', 'Lidong', 'Anhalt', 57, 15);
insert into residencia (id, pais, ciudad, calle, numero, piloto_id) values (796, 'China', 'Fucheng', 'Sheridan', 144, 14);
insert into residencia (id, pais, ciudad, calle, numero, piloto_id) values (797, 'United States', 'Carson City', 'Leroy', 110, 8);
insert into residencia (id, pais, ciudad, calle, numero, piloto_id) values (798, 'China', 'Tanzhou', 'Beilfuss', 31, 29);
insert into residencia (id, pais, ciudad, calle, numero, piloto_id) values (799, 'Russia', 'Vasyl''evsky Ostrov', 'Dorton', 143, 22);
insert into residencia (id, pais, ciudad, calle, numero, piloto_id) values (800, 'Belgium', 'Tournai', 'Veith', 40, 8);
insert into residencia (id, pais, ciudad, calle, numero, piloto_id) values (801, 'Indonesia', 'Kolirerek', 'Helena', 48, 36);
insert into residencia (id, pais, ciudad, calle, numero, piloto_id) values (802, 'Russia', 'Krasnogorodskoye', 'Waubesa', 17, 42);
insert into residencia (id, pais, ciudad, calle, numero, piloto_id) values (803, 'China', 'Taiping', 'Oak', 101, 15);
insert into residencia (id, pais, ciudad, calle, numero, piloto_id) values (804, 'Indonesia', 'Tembayangan Barat', 'Eagan', 113, 44);
insert into residencia (id, pais, ciudad, calle, numero, piloto_id) values (805, 'Portugal', 'Oliveirinha', 'Pine View', 42, 25);
insert into residencia (id, pais, ciudad, calle, numero, piloto_id) values (806, 'China', 'Kesha', 'Anthes', 142, 8);
insert into residencia (id, pais, ciudad, calle, numero, piloto_id) values (807, 'Argentina', 'El Soberbio', 'Linden', 12, 12);
insert into residencia (id, pais, ciudad, calle, numero, piloto_id) values (808, 'Sweden', 'Hägersten', 'Bashford', 112, 36);
insert into residencia (id, pais, ciudad, calle, numero, piloto_id) values (809, 'China', 'Yangqiao', 'Hudson', 122, 14);
insert into residencia (id, pais, ciudad, calle, numero, piloto_id) values (810, 'China', 'Lincuo', 'Artisan', 144, 35);
insert into residencia (id, pais, ciudad, calle, numero, piloto_id) values (811, 'Philippines', 'Mabusag', 'Bluestem', 18, 24);
insert into residencia (id, pais, ciudad, calle, numero, piloto_id) values (812, 'China', 'Bobai', 'Eagle Crest', 63, 33);
insert into residencia (id, pais, ciudad, calle, numero, piloto_id) values (813, 'Poland', 'Jedlińsk', 'Esker', 75, 1);
insert into residencia (id, pais, ciudad, calle, numero, piloto_id) values (814, 'Canada', 'Niagara Falls', 'Meadow Valley', 33, 43);
insert into residencia (id, pais, ciudad, calle, numero, piloto_id) values (815, 'Indonesia', 'Kampungruweh', 'Magdeline', 11, 7);
insert into residencia (id, pais, ciudad, calle, numero, piloto_id) values (816, 'Portugal', 'Vidual', 'Manitowish', 142, 12);
insert into residencia (id, pais, ciudad, calle, numero, piloto_id) values (817, 'China', 'Dajing', 'Merry', 17, 41);
insert into residencia (id, pais, ciudad, calle, numero, piloto_id) values (818, 'Czech Republic', 'Jablunkov', 'Drewry', 38, 19);
insert into residencia (id, pais, ciudad, calle, numero, piloto_id) values (819, 'China', 'Qiandeng', 'Longview', 121, 12);
insert into residencia (id, pais, ciudad, calle, numero, piloto_id) values (820, 'Albania', 'Derviçian', 'Talmadge', 17, 9);
insert into residencia (id, pais, ciudad, calle, numero, piloto_id) values (821, 'South Africa', 'Kroonstad', 'Barnett', 106, 18);
insert into residencia (id, pais, ciudad, calle, numero, piloto_id) values (822, 'United States', 'Ocala', 'Amoth', 146, 36);
insert into residencia (id, pais, ciudad, calle, numero, piloto_id) values (823, 'China', 'Heping', 'Springs', 50, 43);
insert into residencia (id, pais, ciudad, calle, numero, piloto_id) values (824, 'Chile', 'Chile Chico', 'Hagan', 134, 35);
insert into residencia (id, pais, ciudad, calle, numero, piloto_id) values (825, 'Russia', 'Kastornoye', 'Eagle Crest', 143, 6);
insert into residencia (id, pais, ciudad, calle, numero, piloto_id) values (826, 'China', 'Nanchangshan', 'Hanover', 11, 39);
insert into residencia (id, pais, ciudad, calle, numero, piloto_id) values (827, 'China', 'Zibu', 'Lukken', 45, 28);
insert into residencia (id, pais, ciudad, calle, numero, piloto_id) values (828, 'China', 'Dazhan', 'Heffernan', 138, 41);
insert into residencia (id, pais, ciudad, calle, numero, piloto_id) values (829, 'Brazil', 'Águas de Lindóia', 'Arkansas', 8, 16);
insert into residencia (id, pais, ciudad, calle, numero, piloto_id) values (830, 'China', 'Hengfeng', 'Declaration', 95, 45);
insert into residencia (id, pais, ciudad, calle, numero, piloto_id) values (831, 'China', 'Matangshan', 'Pepper Wood', 52, 10);
insert into residencia (id, pais, ciudad, calle, numero, piloto_id) values (832, 'Russia', 'Martyush', 'Independence', 40, 9);
insert into residencia (id, pais, ciudad, calle, numero, piloto_id) values (833, 'Philippines', 'Siocon', 'Buell', 46, 22);
insert into residencia (id, pais, ciudad, calle, numero, piloto_id) values (834, 'China', 'Shuanghe', 'Graedel', 46, 11);
insert into residencia (id, pais, ciudad, calle, numero, piloto_id) values (835, 'China', 'Najiaying', 'Sunnyside', 24, 26);
insert into residencia (id, pais, ciudad, calle, numero, piloto_id) values (836, 'China', 'Xiyuan', 'Susan', 97, 38);
insert into residencia (id, pais, ciudad, calle, numero, piloto_id) values (837, 'China', 'Yankou', 'Schmedeman', 24, 23);
insert into residencia (id, pais, ciudad, calle, numero, piloto_id) values (838, 'Sweden', 'Skövde', 'Towne', 119, 40);
insert into residencia (id, pais, ciudad, calle, numero, piloto_id) values (839, 'Indonesia', 'Leloboko', 'Sauthoff', 69, 15);
insert into residencia (id, pais, ciudad, calle, numero, piloto_id) values (840, 'Russia', 'Ilanskiy', 'Lerdahl', 144, 36);
insert into residencia (id, pais, ciudad, calle, numero, piloto_id) values (841, 'Mexico', 'San Miguel', 'Laurel', 85, 41);
insert into residencia (id, pais, ciudad, calle, numero, piloto_id) values (842, 'Ireland', 'Cherryville', 'Blackbird', 17, 6);
insert into residencia (id, pais, ciudad, calle, numero, piloto_id) values (843, 'Netherlands', 'Groningen', 'Tennessee', 22, 20);
insert into residencia (id, pais, ciudad, calle, numero, piloto_id) values (844, 'Bangladesh', 'Pār Naogaon', 'Division', 45, 4);
insert into residencia (id, pais, ciudad, calle, numero, piloto_id) values (845, 'Poland', 'Sobienie Jeziory', 'Lyons', 7, 18);
insert into residencia (id, pais, ciudad, calle, numero, piloto_id) values (846, 'China', 'Gangkou', 'Judy', 105, 43);
insert into residencia (id, pais, ciudad, calle, numero, piloto_id) values (847, 'Philippines', 'Lagangilang', 'Towne', 38, 33);
insert into residencia (id, pais, ciudad, calle, numero, piloto_id) values (848, 'Germany', 'Hamburg', 'Waxwing', 105, 41);
insert into residencia (id, pais, ciudad, calle, numero, piloto_id) values (849, 'Portugal', 'Oeiras', 'Kensington', 78, 42);
insert into residencia (id, pais, ciudad, calle, numero, piloto_id) values (850, 'North Korea', 'Sariwŏn', 'Arapahoe', 132, 23);
insert into residencia (id, pais, ciudad, calle, numero, piloto_id) values (851, 'China', 'Lanyang', 'Washington', 99, 25);
insert into residencia (id, pais, ciudad, calle, numero, piloto_id) values (852, 'Denmark', 'København', 'Northport', 48, 6);
insert into residencia (id, pais, ciudad, calle, numero, piloto_id) values (853, 'China', 'Shatoujiao', 'Bunting', 137, 26);
insert into residencia (id, pais, ciudad, calle, numero, piloto_id) values (854, 'South Africa', 'Stutterheim', 'Rutledge', 104, 10);
insert into residencia (id, pais, ciudad, calle, numero, piloto_id) values (855, 'Egypt', 'Marsa Alam', 'Farmco', 47, 42);
insert into residencia (id, pais, ciudad, calle, numero, piloto_id) values (856, 'China', 'Jiangning', 'Lien', 76, 37);
insert into residencia (id, pais, ciudad, calle, numero, piloto_id) values (857, 'Brazil', 'Ibitinga', 'Florence', 138, 21);
insert into residencia (id, pais, ciudad, calle, numero, piloto_id) values (858, 'Philippines', 'Besao', 'Hoffman', 12, 1);
insert into residencia (id, pais, ciudad, calle, numero, piloto_id) values (859, 'Philippines', 'Tigpalay', 'Pleasure', 145, 7);
insert into residencia (id, pais, ciudad, calle, numero, piloto_id) values (860, 'Portugal', 'Bobadela', 'Nobel', 11, 22);
insert into residencia (id, pais, ciudad, calle, numero, piloto_id) values (861, 'Norway', 'Oslo', 'Vermont', 54, 21);
insert into residencia (id, pais, ciudad, calle, numero, piloto_id) values (862, 'Brazil', 'Arroio Grande', 'Fairview', 129, 6);
insert into residencia (id, pais, ciudad, calle, numero, piloto_id) values (863, 'Iran', 'Nahāvand', 'Moulton', 110, 7);
insert into residencia (id, pais, ciudad, calle, numero, piloto_id) values (864, 'Mexico', 'Independencia', 'Hagan', 141, 35);
insert into residencia (id, pais, ciudad, calle, numero, piloto_id) values (865, 'Indonesia', 'Kadubera', 'Sommers', 70, 34);
insert into residencia (id, pais, ciudad, calle, numero, piloto_id) values (866, 'Indonesia', 'Gambut', 'Elgar', 22, 3);
insert into residencia (id, pais, ciudad, calle, numero, piloto_id) values (867, 'United States', 'Phoenix', 'Trailsway', 45, 5);
insert into residencia (id, pais, ciudad, calle, numero, piloto_id) values (868, 'China', 'Dongjie', 'Dexter', 144, 24);
insert into residencia (id, pais, ciudad, calle, numero, piloto_id) values (869, 'Samoa', 'Falefa', 'Starling', 89, 28);
insert into residencia (id, pais, ciudad, calle, numero, piloto_id) values (870, 'Costa Rica', 'Guadalupe', 'Swallow', 74, 2);
insert into residencia (id, pais, ciudad, calle, numero, piloto_id) values (871, 'Philippines', 'San Jose', 'Sutteridge', 73, 33);
insert into residencia (id, pais, ciudad, calle, numero, piloto_id) values (872, 'Indonesia', 'Sorodot', 'Del Sol', 26, 3);
insert into residencia (id, pais, ciudad, calle, numero, piloto_id) values (873, 'Colombia', 'Barbosa', 'Menomonie', 32, 31);
insert into residencia (id, pais, ciudad, calle, numero, piloto_id) values (874, 'Israel', '‘Uzeir', 'Northfield', 136, 20);
insert into residencia (id, pais, ciudad, calle, numero, piloto_id) values (875, 'Vietnam', 'Cầu Gồ', 'Crest Line', 67, 32);
insert into residencia (id, pais, ciudad, calle, numero, piloto_id) values (876, 'Albania', 'Krujë', 'Rigney', 28, 41);
insert into residencia (id, pais, ciudad, calle, numero, piloto_id) values (877, 'Russia', 'Shakhty', 'Nobel', 26, 45);
insert into residencia (id, pais, ciudad, calle, numero, piloto_id) values (878, 'Russia', 'Zyuzino', 'Colorado', 137, 38);
insert into residencia (id, pais, ciudad, calle, numero, piloto_id) values (879, 'Tunisia', 'Houmt Souk', 'Ryan', 15, 21);
insert into residencia (id, pais, ciudad, calle, numero, piloto_id) values (880, 'Indonesia', 'Potongan', 'Hintze', 129, 14);
insert into residencia (id, pais, ciudad, calle, numero, piloto_id) values (881, 'France', 'Rennes', 'Clove', 131, 28);
insert into residencia (id, pais, ciudad, calle, numero, piloto_id) values (882, 'Brazil', 'Cristalina', 'Oriole', 33, 38);
insert into residencia (id, pais, ciudad, calle, numero, piloto_id) values (883, 'China', 'Tiedonglu', 'Gerald', 71, 13);
insert into residencia (id, pais, ciudad, calle, numero, piloto_id) values (884, 'Portugal', 'Telhado', 'Dunning', 44, 5);
insert into residencia (id, pais, ciudad, calle, numero, piloto_id) values (885, 'Indonesia', 'Nangabere', 'Mitchell', 45, 11);
insert into residencia (id, pais, ciudad, calle, numero, piloto_id) values (886, 'China', 'Shengli', 'Lerdahl', 92, 26);
insert into residencia (id, pais, ciudad, calle, numero, piloto_id) values (887, 'Philippines', 'Timpas', 'Carpenter', 139, 28);
insert into residencia (id, pais, ciudad, calle, numero, piloto_id) values (888, 'Canada', 'Norman Wells', 'Welch', 95, 15);
insert into residencia (id, pais, ciudad, calle, numero, piloto_id) values (889, 'China', 'Dayou', 'Boyd', 132, 41);
insert into residencia (id, pais, ciudad, calle, numero, piloto_id) values (890, 'Iran', 'Kāshmar', 'Butterfield', 148, 23);
insert into residencia (id, pais, ciudad, calle, numero, piloto_id) values (891, 'Philippines', 'San Julian', 'Oxford', 41, 19);
insert into residencia (id, pais, ciudad, calle, numero, piloto_id) values (892, 'Philippines', 'Magdug', 'Elgar', 47, 23);
insert into residencia (id, pais, ciudad, calle, numero, piloto_id) values (893, 'Philippines', 'Tumbagaan', 'Daystar', 103, 23);
insert into residencia (id, pais, ciudad, calle, numero, piloto_id) values (894, 'France', 'Paris 08', 'Little Fleur', 105, 27);
insert into residencia (id, pais, ciudad, calle, numero, piloto_id) values (895, 'China', 'Hongmen', 'Drewry', 66, 35);
insert into residencia (id, pais, ciudad, calle, numero, piloto_id) values (896, 'Thailand', 'Borabue', 'Prairieview', 100, 33);
insert into residencia (id, pais, ciudad, calle, numero, piloto_id) values (897, 'China', 'Balitai', 'Burrows', 106, 41);
insert into residencia (id, pais, ciudad, calle, numero, piloto_id) values (898, 'Indonesia', 'Telengsari', 'Morning', 146, 24);
insert into residencia (id, pais, ciudad, calle, numero, piloto_id) values (899, 'China', 'Nanhe', 'Scoville', 113, 21);
insert into residencia (id, pais, ciudad, calle, numero, piloto_id) values (900, 'Lithuania', 'Gelgaudiškis', 'Bartillon', 146, 30);
insert into residencia (id, pais, ciudad, calle, numero, piloto_id) values (901, 'Philippines', 'Ramain', 'Sutteridge', 116, 3);
insert into residencia (id, pais, ciudad, calle, numero, piloto_id) values (902, 'Israel', 'Bene ''Ayish', 'Lotheville', 30, 32);
insert into residencia (id, pais, ciudad, calle, numero, piloto_id) values (903, 'Canada', 'North Perth', 'Crescent Oaks', 104, 42);
insert into residencia (id, pais, ciudad, calle, numero, piloto_id) values (904, 'China', 'Mutangyuan', 'Truax', 110, 42);
insert into residencia (id, pais, ciudad, calle, numero, piloto_id) values (905, 'Czech Republic', 'Týnec', 'Westend', 49, 38);
insert into residencia (id, pais, ciudad, calle, numero, piloto_id) values (906, 'Bolivia', 'Rurrenabaque', 'Pine View', 62, 24);
insert into residencia (id, pais, ciudad, calle, numero, piloto_id) values (907, 'Argentina', 'Veinticinco de Mayo', 'Starling', 133, 26);
insert into residencia (id, pais, ciudad, calle, numero, piloto_id) values (908, 'Jordan', 'Jarash', 'Kim', 146, 18);
insert into residencia (id, pais, ciudad, calle, numero, piloto_id) values (909, 'Greece', 'Morfovoúni', 'Westridge', 58, 22);
insert into residencia (id, pais, ciudad, calle, numero, piloto_id) values (910, 'China', 'Dongchong', 'Roth', 42, 33);
insert into residencia (id, pais, ciudad, calle, numero, piloto_id) values (911, 'China', 'Gaoling', 'Becker', 133, 9);
insert into residencia (id, pais, ciudad, calle, numero, piloto_id) values (912, 'Brazil', 'Rio Formoso', 'Reinke', 144, 10);
insert into residencia (id, pais, ciudad, calle, numero, piloto_id) values (913, 'Palestinian Territory', 'Al Mughayyir', 'Lawn', 1, 31);
insert into residencia (id, pais, ciudad, calle, numero, piloto_id) values (914, 'Mexico', 'Libertad', 'Reindahl', 33, 44);
insert into residencia (id, pais, ciudad, calle, numero, piloto_id) values (915, 'Colombia', 'Pelaya', 'Maywood', 99, 41);
insert into residencia (id, pais, ciudad, calle, numero, piloto_id) values (916, 'South Korea', 'Ulsan', 'Green', 127, 23);
insert into residencia (id, pais, ciudad, calle, numero, piloto_id) values (917, 'China', 'Youyun', 'Meadow Vale', 109, 43);
insert into residencia (id, pais, ciudad, calle, numero, piloto_id) values (918, 'Yemen', 'Zakhim', 'Fair Oaks', 70, 15);
insert into residencia (id, pais, ciudad, calle, numero, piloto_id) values (919, 'Greece', 'Gérakas', 'Derek', 29, 17);
insert into residencia (id, pais, ciudad, calle, numero, piloto_id) values (920, 'Poland', 'Rzyki', 'Browning', 101, 26);
insert into residencia (id, pais, ciudad, calle, numero, piloto_id) values (921, 'Argentina', 'Quitilipi', 'Monterey', 106, 39);
insert into residencia (id, pais, ciudad, calle, numero, piloto_id) values (922, 'China', 'Yantian', '5th', 56, 19);
insert into residencia (id, pais, ciudad, calle, numero, piloto_id) values (923, 'Vietnam', 'Vạn Giã', 'Hoepker', 131, 22);
insert into residencia (id, pais, ciudad, calle, numero, piloto_id) values (924, 'Philippines', 'Bato', 'Hauk', 48, 31);
insert into residencia (id, pais, ciudad, calle, numero, piloto_id) values (925, 'Belarus', 'Karma', 'Eastlawn', 117, 32);
insert into residencia (id, pais, ciudad, calle, numero, piloto_id) values (926, 'Russia', 'Izhmorskiy', 'Grim', 84, 16);
insert into residencia (id, pais, ciudad, calle, numero, piloto_id) values (927, 'Bangladesh', 'Maulavi Bāzār', 'Fairview', 61, 38);
insert into residencia (id, pais, ciudad, calle, numero, piloto_id) values (928, 'Indonesia', 'Waikambila', 'Derek', 15, 22);
insert into residencia (id, pais, ciudad, calle, numero, piloto_id) values (929, 'Indonesia', 'Jungutbatu Kaja Dua', 'Kensington', 70, 45);
insert into residencia (id, pais, ciudad, calle, numero, piloto_id) values (930, 'Ukraine', 'Nemyriv', 'Elgar', 122, 38);
insert into residencia (id, pais, ciudad, calle, numero, piloto_id) values (931, 'Philippines', 'Herrera', 'Jay', 125, 7);
insert into residencia (id, pais, ciudad, calle, numero, piloto_id) values (932, 'Nigeria', 'Rahama', 'Buhler', 29, 37);
insert into residencia (id, pais, ciudad, calle, numero, piloto_id) values (933, 'Peru', 'Ilo', 'Welch', 149, 45);
insert into residencia (id, pais, ciudad, calle, numero, piloto_id) values (934, 'Dominican Republic', 'Río Grande', 'Waxwing', 129, 41);
insert into residencia (id, pais, ciudad, calle, numero, piloto_id) values (935, 'China', 'Goujie', 'Westend', 137, 2);
insert into residencia (id, pais, ciudad, calle, numero, piloto_id) values (936, 'Indonesia', 'Mloko', 'Bartillon', 100, 43);
insert into residencia (id, pais, ciudad, calle, numero, piloto_id) values (937, 'China', 'Qingshan', 'Boyd', 13, 22);
insert into residencia (id, pais, ciudad, calle, numero, piloto_id) values (938, 'China', 'Tuojiang', 'Sunfield', 126, 27);
insert into residencia (id, pais, ciudad, calle, numero, piloto_id) values (939, 'Austria', 'Graz', 'Florence', 47, 27);
insert into residencia (id, pais, ciudad, calle, numero, piloto_id) values (940, 'China', 'Chunmuying', 'Melody', 79, 35);
insert into residencia (id, pais, ciudad, calle, numero, piloto_id) values (941, 'Palestinian Territory', 'Mardā', 'Brown', 48, 12);
insert into residencia (id, pais, ciudad, calle, numero, piloto_id) values (942, 'Tanzania', 'Mbumi', 'Sommers', 128, 15);
insert into residencia (id, pais, ciudad, calle, numero, piloto_id) values (943, 'Indonesia', 'Krajan', 'Dunning', 7, 43);
insert into residencia (id, pais, ciudad, calle, numero, piloto_id) values (944, 'Indonesia', 'Ketapang', 'Macpherson', 112, 38);
insert into residencia (id, pais, ciudad, calle, numero, piloto_id) values (945, 'Mexico', 'El Capulin', 'Victoria', 84, 9);
insert into residencia (id, pais, ciudad, calle, numero, piloto_id) values (946, 'China', 'Zougang', 'Brown', 70, 3);
insert into residencia (id, pais, ciudad, calle, numero, piloto_id) values (947, 'Mexico', 'Los Fresnos', 'Corry', 10, 20);
insert into residencia (id, pais, ciudad, calle, numero, piloto_id) values (948, 'Malta', 'Imtarfa', 'Norway Maple', 121, 16);
insert into residencia (id, pais, ciudad, calle, numero, piloto_id) values (949, 'Ukraine', 'Piskivka', 'Rockefeller', 101, 2);
insert into residencia (id, pais, ciudad, calle, numero, piloto_id) values (950, 'Indonesia', 'Puubheto', 'Ridge Oak', 116, 4);
insert into residencia (id, pais, ciudad, calle, numero, piloto_id) values (951, 'Indonesia', 'Banjar Bali', 'Di Loreto', 99, 33);
insert into residencia (id, pais, ciudad, calle, numero, piloto_id) values (952, 'China', 'Zhengwan', 'Comanche', 75, 36);
insert into residencia (id, pais, ciudad, calle, numero, piloto_id) values (953, 'Philippines', 'Tiguha', 'Emmet', 143, 14);
insert into residencia (id, pais, ciudad, calle, numero, piloto_id) values (954, 'United States', 'San Jose', '4th', 61, 2);
insert into residencia (id, pais, ciudad, calle, numero, piloto_id) values (955, 'Libya', 'Zuwārah', 'Mallory', 150, 20);
insert into residencia (id, pais, ciudad, calle, numero, piloto_id) values (956, 'Ethiopia', 'Kofelē', 'Acker', 80, 37);
insert into residencia (id, pais, ciudad, calle, numero, piloto_id) values (957, 'Netherlands', 'Zwolle', 'Lakewood Gardens', 91, 16);
insert into residencia (id, pais, ciudad, calle, numero, piloto_id) values (958, 'Indonesia', 'Kadupinang', 'Shelley', 135, 25);
insert into residencia (id, pais, ciudad, calle, numero, piloto_id) values (959, 'Peru', 'Huambo', 'Ohio', 53, 20);
insert into residencia (id, pais, ciudad, calle, numero, piloto_id) values (960, 'China', 'Guzhan', 'Jenifer', 79, 18);
insert into residencia (id, pais, ciudad, calle, numero, piloto_id) values (961, 'Monaco', 'Fontvieille', 'Kedzie', 32, 17);
insert into residencia (id, pais, ciudad, calle, numero, piloto_id) values (962, 'Nigeria', 'Miringa', 'Sundown', 91, 44);
insert into residencia (id, pais, ciudad, calle, numero, piloto_id) values (963, 'China', 'Gaoqiu', 'Carey', 70, 38);
insert into residencia (id, pais, ciudad, calle, numero, piloto_id) values (964, 'China', 'Zili', 'Derek', 142, 41);
insert into residencia (id, pais, ciudad, calle, numero, piloto_id) values (965, 'Ukraine', 'Stepove', 'Village', 97, 38);
insert into residencia (id, pais, ciudad, calle, numero, piloto_id) values (966, 'China', 'Xushangqiao', 'Fremont', 133, 33);
insert into residencia (id, pais, ciudad, calle, numero, piloto_id) values (967, 'Ukraine', 'Banyliv', 'Debra', 119, 38);
insert into residencia (id, pais, ciudad, calle, numero, piloto_id) values (968, 'Tanzania', 'Tumbi', 'Swallow', 147, 34);
insert into residencia (id, pais, ciudad, calle, numero, piloto_id) values (969, 'China', 'Niutang', 'Clyde Gallagher', 61, 15);
insert into residencia (id, pais, ciudad, calle, numero, piloto_id) values (970, 'Brazil', 'Itaituba', 'Moulton', 137, 27);
insert into residencia (id, pais, ciudad, calle, numero, piloto_id) values (971, 'Guatemala', 'San Pedro Carchá', 'Dorton', 3, 5);
insert into residencia (id, pais, ciudad, calle, numero, piloto_id) values (972, 'Indonesia', 'Pamoyanan', 'Thierer', 32, 4);
insert into residencia (id, pais, ciudad, calle, numero, piloto_id) values (973, 'Philippines', 'Parang', 'Rutledge', 10, 45);
insert into residencia (id, pais, ciudad, calle, numero, piloto_id) values (974, 'China', 'Rongcheng', 'Becker', 100, 20);
insert into residencia (id, pais, ciudad, calle, numero, piloto_id) values (975, 'Greece', 'Néa Smýrni', 'Eliot', 139, 41);
insert into residencia (id, pais, ciudad, calle, numero, piloto_id) values (976, 'Ukraine', 'Velykyy Klyuchiv', 'Daystar', 67, 29);
insert into residencia (id, pais, ciudad, calle, numero, piloto_id) values (977, 'Indonesia', 'Anjirserapat', 'Springs', 13, 2);
insert into residencia (id, pais, ciudad, calle, numero, piloto_id) values (978, 'China', 'Meilin', 'Sullivan', 50, 17);
insert into residencia (id, pais, ciudad, calle, numero, piloto_id) values (979, 'Indonesia', 'Sinarwangi', 'Monica', 107, 15);
insert into residencia (id, pais, ciudad, calle, numero, piloto_id) values (980, 'North Korea', 'T’ongch’ŏn-ŭp', 'Twin Pines', 28, 12);
insert into residencia (id, pais, ciudad, calle, numero, piloto_id) values (981, 'China', 'Zhuxi Chengguanzhen', 'Westerfield', 119, 29);
insert into residencia (id, pais, ciudad, calle, numero, piloto_id) values (982, 'China', 'Moyuan', 'Forster', 9, 7);
insert into residencia (id, pais, ciudad, calle, numero, piloto_id) values (983, 'China', 'Da’anshan', 'Rowland', 67, 36);
insert into residencia (id, pais, ciudad, calle, numero, piloto_id) values (984, 'China', 'Tangjian', 'Corben', 17, 21);
insert into residencia (id, pais, ciudad, calle, numero, piloto_id) values (985, 'Japan', 'Nanao', 'Scott', 142, 13);
insert into residencia (id, pais, ciudad, calle, numero, piloto_id) values (986, 'South Africa', 'Middelburg', 'Banding', 52, 21);
insert into residencia (id, pais, ciudad, calle, numero, piloto_id) values (987, 'Philippines', 'Matanog', 'Caliangt', 73, 6);
insert into residencia (id, pais, ciudad, calle, numero, piloto_id) values (988, 'Brazil', 'Minador do Negrão', 'Monica', 11, 23);
insert into residencia (id, pais, ciudad, calle, numero, piloto_id) values (989, 'Greece', 'Kavýli', 'Lyons', 102, 18);
insert into residencia (id, pais, ciudad, calle, numero, piloto_id) values (990, 'Indonesia', 'Kalijeruk', 'Donald', 78, 5);
insert into residencia (id, pais, ciudad, calle, numero, piloto_id) values (991, 'China', 'Yashiga', 'East', 114, 18);
insert into residencia (id, pais, ciudad, calle, numero, piloto_id) values (992, 'Chile', 'Pitrufquén', 'Hooker', 73, 37);
insert into residencia (id, pais, ciudad, calle, numero, piloto_id) values (993, 'Uzbekistan', 'Salor', 'Golf Course', 32, 13);
insert into residencia (id, pais, ciudad, calle, numero, piloto_id) values (994, 'Morocco', 'Selouane', 'Valley Edge', 135, 39);
insert into residencia (id, pais, ciudad, calle, numero, piloto_id) values (995, 'China', 'Sanchahe', 'Anniversary', 57, 14);
insert into residencia (id, pais, ciudad, calle, numero, piloto_id) values (996, 'Indonesia', 'Bata Tengah', 'Delaware', 127, 6);
insert into residencia (id, pais, ciudad, calle, numero, piloto_id) values (997, 'Armenia', 'Gandzak', 'Towne', 104, 38);
insert into residencia (id, pais, ciudad, calle, numero, piloto_id) values (998, 'Philippines', 'Amuñgan', 'Stoughton', 134, 36);
insert into residencia (id, pais, ciudad, calle, numero, piloto_id) values (999, 'Ukraine', 'Bayrachky', 'Hoffman', 59, 40);
insert into residencia (id, pais, ciudad, calle, numero, piloto_id) values (1000, 'Poland', 'Rogóźno', 'Debra', 64, 14);



